[0/2] Re-checking globbed directories...
[1/42] Building CXX object ggml/src/CMakeFiles/ggml-cpu.dir/ggml-cpu/ggml-cpu.cpp.o
[2/42] Building CXX object ggml/src/CMakeFiles/ggml-cpu.dir/ggml-cpu/hbm.cpp.o
[3/42] Building CXX object ggml/src/CMakeFiles/ggml-cpu.dir/ggml-cpu/iqp.cpp.o
[4/42] Building C object ggml/src/CMakeFiles/ggml-cpu.dir/ggml-cpu/ggml-cpu.c.o
[5/42] Building CXX object ggml/src/CMakeFiles/ggml-cpu.dir/ggml-cpu/traits.cpp.o
[6/42] Building CXX object ggml/src/CMakeFiles/ggml-cpu.dir/ggml-cpu/amx/amx.cpp.o
[7/42] Building CXX object ggml/src/CMakeFiles/ggml-cpu.dir/ggml-cpu/amx/mmq.cpp.o
[8/42] Building C object ggml/src/CMakeFiles/ggml-cpu.dir/ggml-cpu/quants.c.o
[9/42] Building CXX object ggml/src/CMakeFiles/ggml-cpu.dir/ggml-cpu/vec.cpp.o
[10/42] Building CXX object ggml/src/CMakeFiles/ggml-cpu.dir/ggml-cpu/binary-ops.cpp.o
[11/42] Building C object ggml/src/CMakeFiles/ggml-cpu.dir/ggml-cpu/arch/x86/quants.c.o
[12/42] Building CXX object ggml/src/CMakeFiles/ggml-cpu.dir/ggml-cpu/repack.cpp.o
[13/42] Building CXX object ggml/src/CMakeFiles/ggml-cpu.dir/ggml-cpu/unary-ops.cpp.o
[14/42] Building CXX object ggml/src/CMakeFiles/ggml-cpu.dir/ggml-cpu/arch/x86/repack.cpp.o
[15/42] Building HIP object CMakeFiles/strata_mmq.dir/src/prefill/ggml_cuda_host.cu.o
/workspace/flashnext-competition/strata/src/src/prefill/ggml_cuda_host.cu:138:31: warning: ignoring return value of type 'hipError_t' declared with 'nodiscard' attribute [-Wunused-value]
  138 |         for (auto & b : bufs) cudaFree(b.p);
      |                               ^~~~~~~~~~~~~
/workspace/flashnext-competition/strata/ggml-source/ggml/src/ggml-cuda/vendors/hip.h:69:18: note: expanded from macro 'cudaFree'
   69 | #define cudaFree hipFree
      |                  ^
1 warning generated when compiling for gfx1201.
/workspace/flashnext-competition/strata/src/src/prefill/ggml_cuda_host.cu:138:31: warning: ignoring return value of type 'hipError_t' declared with 'nodiscard' attribute [-Wunused-value]
  138 |         for (auto & b : bufs) cudaFree(b.p);
      |                               ^~~~~~~~~~~~~
/workspace/flashnext-competition/strata/ggml-source/ggml/src/ggml-cuda/vendors/hip.h:69:18: note: expanded from macro 'cudaFree'
   69 | #define cudaFree hipFree
      |                  ^
1 warning generated when compiling for host.
[16/42] Building HIP object CMakeFiles/strata_mmq.dir/src/prefill/moe_mmq.cu.o
/workspace/flashnext-competition/strata/src/src/prefill/moe_mmq.cu:171:5: warning: ignoring return value of type 'hipError_t' declared with 'nodiscard' attribute [-Wunused-value]
  171 |     cudaGetDevice(&dev);
      |     ^~~~~~~~~~~~~~~~~~~
/workspace/flashnext-competition/strata/ggml-source/ggml/src/ggml-cuda/vendors/hip.h:71:23: note: expanded from macro 'cudaGetDevice'
   71 | #define cudaGetDevice hipGetDevice
      |                       ^
1 warning generated when compiling for gfx1201.
/workspace/flashnext-competition/strata/src/src/prefill/moe_mmq.cu:171:5: warning: ignoring return value of type 'hipError_t' declared with 'nodiscard' attribute [-Wunused-value]
  171 |     cudaGetDevice(&dev);
      |     ^~~~~~~~~~~~~~~~~~~
/workspace/flashnext-competition/strata/ggml-source/ggml/src/ggml-cuda/vendors/hip.h:71:23: note: expanded from macro 'cudaGetDevice'
   71 | #define cudaGetDevice hipGetDevice
      |                       ^
1 warning generated when compiling for host.
[17/42] Building HIP object CMakeFiles/strata_mmq.dir/workspace/flashnext-competition/strata/ggml-source/ggml/src/ggml-cuda/quantize.cu.o
[18/42] Building CXX object ggml/src/CMakeFiles/ggml-cpu.dir/ggml-cpu/ops.cpp.o
[19/42] Linking CXX static library ggml/src/libggml-cpu.a
[20/42] Building HIP object CMakeFiles/strata_mmq.dir/workspace/flashnext-competition/strata/ggml-source/ggml/src/ggml-cuda/template-instances/mmq-instance-q2_0.cu.o
[21/42] Building HIP object CMakeFiles/strata_mmq.dir/workspace/flashnext-competition/strata/ggml-source/ggml/src/ggml-cuda/template-instances/mmq-instance-iq2_xxs.cu.o
[22/42] Building HIP object CMakeFiles/strata_mmq.dir/workspace/flashnext-competition/strata/ggml-source/ggml/src/ggml-cuda/template-instances/mmq-instance-iq2_xs.cu.o
[23/42] Building HIP object CMakeFiles/strata_mmq.dir/workspace/flashnext-competition/strata/ggml-source/ggml/src/ggml-cuda/template-instances/mmq-instance-iq2_s.cu.o
[24/42] Building HIP object CMakeFiles/strata_mmq.dir/workspace/flashnext-competition/strata/ggml-source/ggml/src/ggml-cuda/template-instances/mmq-instance-iq3_xxs.cu.o
[25/42] Building HIP object CMakeFiles/strata_mmq.dir/workspace/flashnext-competition/strata/ggml-source/ggml/src/ggml-cuda/template-instances/mmq-instance-iq4_nl.cu.o
[26/42] Building HIP object CMakeFiles/strata_mmq.dir/workspace/flashnext-competition/strata/ggml-source/ggml/src/ggml-cuda/template-instances/mmq-instance-iq3_s.cu.o
[27/42] Building HIP object CMakeFiles/strata_mmq.dir/workspace/flashnext-competition/strata/ggml-source/ggml/src/ggml-cuda/template-instances/mmq-instance-iq4_xs.cu.o
[28/42] Building HIP object CMakeFiles/strata_prefill.dir/src/prefill/gemm.cu.o
/workspace/flashnext-competition/strata/src/src/prefill/gemm.cu:305:16: warning: ignoring return value of type 'hipError_t' declared with 'nodiscard' attribute [-Wunused-value]
  305 |     if (tc_w_) cudaFree(tc_w_);
      |                ^~~~~~~~~~~~~~~
/workspace/flashnext-competition/strata/src/include/strata/hip_compat/cuda_runtime.h:42:18: note: expanded from macro 'cudaFree'
   42 | #define cudaFree hipFree
      |                  ^
/workspace/flashnext-competition/strata/src/src/prefill/gemm.cu:306:16: warning: ignoring return value of type 'hipError_t' declared with 'nodiscard' attribute [-Wunused-value]
  306 |     if (tc_x_) cudaFree(tc_x_);
      |                ^~~~~~~~~~~~~~~
/workspace/flashnext-competition/strata/src/include/strata/hip_compat/cuda_runtime.h:42:18: note: expanded from macro 'cudaFree'
   42 | #define cudaFree hipFree
      |                  ^
/workspace/flashnext-competition/strata/src/src/prefill/gemm.cu:308:23: warning: ignoring return value of type 'hipError_t' declared with 'nodiscard' attribute [-Wunused-value]
  308 |         if (scratch_) cudaFree(scratch_);
      |                       ^~~~~~~~~~~~~~~~~~
/workspace/flashnext-competition/strata/src/include/strata/hip_compat/cuda_runtime.h:42:18: note: expanded from macro 'cudaFree'
   42 | #define cudaFree hipFree
      |                  ^
/workspace/flashnext-competition/strata/src/src/prefill/gemm.cu:309:25: warning: ignoring return value of type 'hipError_t' declared with 'nodiscard' attribute [-Wunused-value]
  309 |         if (workspace_) cudaFree(workspace_);
      |                         ^~~~~~~~~~~~~~~~~~~~
/workspace/flashnext-competition/strata/src/include/strata/hip_compat/cuda_runtime.h:42:18: note: expanded from macro 'cudaFree'
   42 | #define cudaFree hipFree
      |                  ^
In file included from /workspace/flashnext-competition/strata/src/src/prefill/gemm.cu:2:
/workspace/flashnext-competition/strata/src/include/strata/prefill/gemm.hpp:59:13: warning: private field 'tc_w_elems_' is not used [-Wunused-private-field]
   59 |     int64_t tc_w_elems_ = 0;
      |             ^
/workspace/flashnext-competition/strata/src/include/strata/prefill/gemm.hpp:61:13: warning: private field 'tc_x_elems_' is not used [-Wunused-private-field]
   61 |     int64_t tc_x_elems_ = 0;
      |             ^
6 warnings generated when compiling for gfx1201.
/workspace/flashnext-competition/strata/src/src/prefill/gemm.cu:305:16: warning: ignoring return value of type 'hipError_t' declared with 'nodiscard' attribute [-Wunused-value]
  305 |     if (tc_w_) cudaFree(tc_w_);
      |                ^~~~~~~~~~~~~~~
/workspace/flashnext-competition/strata/src/include/strata/hip_compat/cuda_runtime.h:42:18: note: expanded from macro 'cudaFree'
   42 | #define cudaFree hipFree
      |                  ^
/workspace/flashnext-competition/strata/src/src/prefill/gemm.cu:306:16: warning: ignoring return value of type 'hipError_t' declared with 'nodiscard' attribute [-Wunused-value]
  306 |     if (tc_x_) cudaFree(tc_x_);
      |                ^~~~~~~~~~~~~~~
/workspace/flashnext-competition/strata/src/include/strata/hip_compat/cuda_runtime.h:42:18: note: expanded from macro 'cudaFree'
   42 | #define cudaFree hipFree
      |                  ^
/workspace/flashnext-competition/strata/src/src/prefill/gemm.cu:308:23: warning: ignoring return value of type 'hipError_t' declared with 'nodiscard' attribute [-Wunused-value]
  308 |         if (scratch_) cudaFree(scratch_);
      |                       ^~~~~~~~~~~~~~~~~~
/workspace/flashnext-competition/strata/src/include/strata/hip_compat/cuda_runtime.h:42:18: note: expanded from macro 'cudaFree'
   42 | #define cudaFree hipFree
      |                  ^
/workspace/flashnext-competition/strata/src/src/prefill/gemm.cu:309:25: warning: ignoring return value of type 'hipError_t' declared with 'nodiscard' attribute [-Wunused-value]
  309 |         if (workspace_) cudaFree(workspace_);
      |                         ^~~~~~~~~~~~~~~~~~~~
/workspace/flashnext-competition/strata/src/include/strata/hip_compat/cuda_runtime.h:42:18: note: expanded from macro 'cudaFree'
   42 | #define cudaFree hipFree
      |                  ^
In file included from /workspace/flashnext-competition/strata/src/src/prefill/gemm.cu:2:
/workspace/flashnext-competition/strata/src/include/strata/prefill/gemm.hpp:59:13: warning: private field 'tc_w_elems_' is not used [-Wunused-private-field]
   59 |     int64_t tc_w_elems_ = 0;
      |             ^
/workspace/flashnext-competition/strata/src/include/strata/prefill/gemm.hpp:61:13: warning: private field 'tc_x_elems_' is not used [-Wunused-private-field]
   61 |     int64_t tc_x_elems_ = 0;
      |             ^
6 warnings generated when compiling for host.
[29/42] Building HIP object CMakeFiles/strata_prefill.dir/src/prefill/kernels.cu.o
/workspace/flashnext-competition/strata/src/src/prefill/kernels.cu:53:28: warning: comparison of integers of different signs: 'unsigned int' and 'const int' [-Wsign-compare]
   53 |     float t = (threadIdx.x < nw) ? sh[threadIdx.x] : 0.0f;
      |                ~~~~~~~~~~~ ^ ~~
1 warning generated when compiling for gfx1201.
/workspace/flashnext-competition/strata/src/src/prefill/kernels.cu:53:28: warning: comparison of integers of different signs: 'unsigned int' and 'const int' [-Wsign-compare]
   53 |     float t = (threadIdx.x < nw) ? sh[threadIdx.x] : 0.0f;
      |                ~~~~~~~~~~~ ^ ~~
1 warning generated when compiling for host.
[30/42] Building CXX object CMakeFiles/hip_router_fast.dir/tests/hip/router_fast.cpp.o
[31/42] Building CXX object CMakeFiles/hip_prompt_attn_wmma.dir/src/kernels/qsa_prompt_attn_parity.cpp.o
/workspace/flashnext-competition/strata/src/src/kernels/qsa_prompt_attn_parity.cpp:214:5: warning: ignoring return value of type 'hipError_t' declared with 'nodiscard' attribute [-Wunused-value]
  214 |     cudaEventCreate(&e0);
      |     ^~~~~~~~~~~~~~~~~~~~
/workspace/flashnext-competition/strata/src/include/strata/hip_compat/cuda_runtime.h:33:25: note: expanded from macro 'cudaEventCreate'
   33 | #define cudaEventCreate hipEventCreate
      |                         ^
/workspace/flashnext-competition/strata/src/src/kernels/qsa_prompt_attn_parity.cpp:215:5: warning: ignoring return value of type 'hipError_t' declared with 'nodiscard' attribute [-Wunused-value]
  215 |     cudaEventCreate(&e1);
      |     ^~~~~~~~~~~~~~~~~~~~
/workspace/flashnext-competition/strata/src/include/strata/hip_compat/cuda_runtime.h:33:25: note: expanded from macro 'cudaEventCreate'
   33 | #define cudaEventCreate hipEventCreate
      |                         ^
/workspace/flashnext-competition/strata/src/src/kernels/qsa_prompt_attn_parity.cpp:217:5: warning: ignoring return value of type 'hipError_t' declared with 'nodiscard' attribute [-Wunused-value]
  217 |     cudaEventRecord(e0);
      |     ^~~~~~~~~~~~~~~~~~~
/workspace/flashnext-competition/strata/src/include/strata/hip_compat/cuda_runtime.h:39:25: note: expanded from macro 'cudaEventRecord'
   39 | #define cudaEventRecord hipEventRecord
      |                         ^
/workspace/flashnext-competition/strata/src/src/kernels/qsa_prompt_attn_parity.cpp:219:5: warning: ignoring return value of type 'hipError_t' declared with 'nodiscard' attribute [-Wunused-value]
  219 |     cudaEventRecord(e1);
      |     ^~~~~~~~~~~~~~~~~~~
/workspace/flashnext-competition/strata/src/include/strata/hip_compat/cuda_runtime.h:39:25: note: expanded from macro 'cudaEventRecord'
   39 | #define cudaEventRecord hipEventRecord
      |                         ^
/workspace/flashnext-competition/strata/src/src/kernels/qsa_prompt_attn_parity.cpp:221:5: warning: ignoring return value of type 'hipError_t' declared with 'nodiscard' attribute [-Wunused-value]
  221 |     cudaEventElapsedTime(&ms_old, e0, e1);
      |     ^~~~~~~~~~~~~~~~~~~~~~~~~~~~~~~~~~~~~
/workspace/flashnext-competition/strata/src/include/strata/hip_compat/cuda_runtime.h:37:30: note: expanded from macro 'cudaEventElapsedTime'
   37 | #define cudaEventElapsedTime hipEventElapsedTime
      |                              ^
/workspace/flashnext-competition/strata/src/src/kernels/qsa_prompt_attn_parity.cpp:222:5: warning: ignoring return value of type 'hipError_t' declared with 'nodiscard' attribute [-Wunused-value]
  222 |     cudaEventRecord(e0);
      |     ^~~~~~~~~~~~~~~~~~~
/workspace/flashnext-competition/strata/src/include/strata/hip_compat/cuda_runtime.h:39:25: note: expanded from macro 'cudaEventRecord'
   39 | #define cudaEventRecord hipEventRecord
      |                         ^
/workspace/flashnext-competition/strata/src/src/kernels/qsa_prompt_attn_parity.cpp:224:5: warning: ignoring return value of type 'hipError_t' declared with 'nodiscard' attribute [-Wunused-value]
  224 |     cudaEventRecord(e1);
      |     ^~~~~~~~~~~~~~~~~~~
/workspace/flashnext-competition/strata/src/include/strata/hip_compat/cuda_runtime.h:39:25: note: expanded from macro 'cudaEventRecord'
   39 | #define cudaEventRecord hipEventRecord
      |                         ^
/workspace/flashnext-competition/strata/src/src/kernels/qsa_prompt_attn_parity.cpp:226:5: warning: ignoring return value of type 'hipError_t' declared with 'nodiscard' attribute [-Wunused-value]
  226 |     cudaEventElapsedTime(&ms_new, e0, e1);
      |     ^~~~~~~~~~~~~~~~~~~~~~~~~~~~~~~~~~~~~
/workspace/flashnext-competition/strata/src/include/strata/hip_compat/cuda_runtime.h:37:30: note: expanded from macro 'cudaEventElapsedTime'
   37 | #define cudaEventElapsedTime hipEventElapsedTime
      |                              ^
/workspace/flashnext-competition/strata/src/src/kernels/qsa_prompt_attn_parity.cpp:233:5: warning: ignoring return value of type 'hipError_t' declared with 'nodiscard' attribute [-Wunused-value]
  233 |     cudaFree((void*) d_ids); cudaFree((void*) d_steps); cudaFree((void*) d_q); cudaFree(d_old); cudaFree(d_new);
      |     ^~~~~~~~~~~~~~~~~~~~~~~
/workspace/flashnext-competition/strata/src/include/strata/hip_compat/cuda_runtime.h:42:18: note: expanded from macro 'cudaFree'
   42 | #define cudaFree hipFree
      |                  ^
/workspace/flashnext-competition/strata/src/src/kernels/qsa_prompt_attn_parity.cpp:233:30: warning: ignoring return value of type 'hipError_t' declared with 'nodiscard' attribute [-Wunused-value]
  233 |     cudaFree((void*) d_ids); cudaFree((void*) d_steps); cudaFree((void*) d_q); cudaFree(d_old); cudaFree(d_new);
      |                              ^~~~~~~~~~~~~~~~~~~~~~~~~
/workspace/flashnext-competition/strata/src/include/strata/hip_compat/cuda_runtime.h:42:18: note: expanded from macro 'cudaFree'
   42 | #define cudaFree hipFree
      |                  ^
/workspace/flashnext-competition/strata/src/src/kernels/qsa_prompt_attn_parity.cpp:233:57: warning: ignoring return value of type 'hipError_t' declared with 'nodiscard' attribute [-Wunused-value]
  233 |     cudaFree((void*) d_ids); cudaFree((void*) d_steps); cudaFree((void*) d_q); cudaFree(d_old); cudaFree(d_new);
      |                                                         ^~~~~~~~~~~~~~~~~~~~~
/workspace/flashnext-competition/strata/src/include/strata/hip_compat/cuda_runtime.h:42:18: note: expanded from macro 'cudaFree'
   42 | #define cudaFree hipFree
      |                  ^
/workspace/flashnext-competition/strata/src/src/kernels/qsa_prompt_attn_parity.cpp:233:80: warning: ignoring return value of type 'hipError_t' declared with 'nodiscard' attribute [-Wunused-value]
  233 |     cudaFree((void*) d_ids); cudaFree((void*) d_steps); cudaFree((void*) d_q); cudaFree(d_old); cudaFree(d_new);
      |                                                                                ^~~~~~~~~~~~~~~
/workspace/flashnext-competition/strata/src/include/strata/hip_compat/cuda_runtime.h:42:18: note: expanded from macro 'cudaFree'
   42 | #define cudaFree hipFree
      |                  ^
/workspace/flashnext-competition/strata/src/src/kernels/qsa_prompt_attn_parity.cpp:233:97: warning: ignoring return value of type 'hipError_t' declared with 'nodiscard' attribute [-Wunused-value]
  233 |     cudaFree((void*) d_ids); cudaFree((void*) d_steps); cudaFree((void*) d_q); cudaFree(d_old); cudaFree(d_new);
      |                                                                                                 ^~~~~~~~~~~~~~~
/workspace/flashnext-competition/strata/src/include/strata/hip_compat/cuda_runtime.h:42:18: note: expanded from macro 'cudaFree'
   42 | #define cudaFree hipFree
      |                  ^
/workspace/flashnext-competition/strata/src/src/kernels/qsa_prompt_attn_parity.cpp:234:5: warning: ignoring return value of type 'hipError_t' declared with 'nodiscard' attribute [-Wunused-value]
  234 |     cudaFree(scratch);
      |     ^~~~~~~~~~~~~~~~~
/workspace/flashnext-competition/strata/src/include/strata/hip_compat/cuda_runtime.h:42:18: note: expanded from macro 'cudaFree'
   42 | #define cudaFree hipFree
      |                  ^
/workspace/flashnext-competition/strata/src/src/kernels/qsa_prompt_attn_parity.cpp:235:5: warning: ignoring return value of type 'hipError_t' declared with 'nodiscard' attribute [-Wunused-value]
  235 |     cudaFree((void*) pl.k_q); cudaFree((void*) pl.v_q); cudaFree((void*) pl.k_scale); cudaFree((void*) pl.v_scale);
      |     ^~~~~~~~~~~~~~~~~~~~~~~~
/workspace/flashnext-competition/strata/src/include/strata/hip_compat/cuda_runtime.h:42:18: note: expanded from macro 'cudaFree'
   42 | #define cudaFree hipFree
      |                  ^
/workspace/flashnext-competition/strata/src/src/kernels/qsa_prompt_attn_parity.cpp:235:31: warning: ignoring return value of type 'hipError_t' declared with 'nodiscard' attribute [-Wunused-value]
  235 |     cudaFree((void*) pl.k_q); cudaFree((void*) pl.v_q); cudaFree((void*) pl.k_scale); cudaFree((void*) pl.v_scale);
      |                               ^~~~~~~~~~~~~~~~~~~~~~~~
/workspace/flashnext-competition/strata/src/include/strata/hip_compat/cuda_runtime.h:42:18: note: expanded from macro 'cudaFree'
   42 | #define cudaFree hipFree
      |                  ^
/workspace/flashnext-competition/strata/src/src/kernels/qsa_prompt_attn_parity.cpp:235:57: warning: ignoring return value of type 'hipError_t' declared with 'nodiscard' attribute [-Wunused-value]
  235 |     cudaFree((void*) pl.k_q); cudaFree((void*) pl.v_q); cudaFree((void*) pl.k_scale); cudaFree((void*) pl.v_scale);
      |                                                         ^~~~~~~~~~~~~~~~~~~~~~~~~~~~
/workspace/flashnext-competition/strata/src/include/strata/hip_compat/cuda_runtime.h:42:18: note: expanded from macro 'cudaFree'
   42 | #define cudaFree hipFree
      |                  ^
/workspace/flashnext-competition/strata/src/src/kernels/qsa_prompt_attn_parity.cpp:235:87: warning: ignoring return value of type 'hipError_t' declared with 'nodiscard' attribute [-Wunused-value]
  235 |     cudaFree((void*) pl.k_q); cudaFree((void*) pl.v_q); cudaFree((void*) pl.k_scale); cudaFree((void*) pl.v_scale);
      |                                                                                       ^~~~~~~~~~~~~~~~~~~~~~~~~~~~
/workspace/flashnext-competition/strata/src/include/strata/hip_compat/cuda_runtime.h:42:18: note: expanded from macro 'cudaFree'
   42 | #define cudaFree hipFree
      |                  ^
/workspace/flashnext-competition/strata/src/src/kernels/qsa_prompt_attn_parity.cpp:236:5: warning: ignoring return value of type 'hipError_t' declared with 'nodiscard' attribute [-Wunused-value]
  236 |     cudaFree((void*) pl.k_pool); cudaFree((void*) pl.v_pool); cudaFree((void*) pl.page_table);
      |     ^~~~~~~~~~~~~~~~~~~~~~~~~~~
/workspace/flashnext-competition/strata/src/include/strata/hip_compat/cuda_runtime.h:42:18: note: expanded from macro 'cudaFree'
   42 | #define cudaFree hipFree
      |                  ^
/workspace/flashnext-competition/strata/src/src/kernels/qsa_prompt_attn_parity.cpp:236:34: warning: ignoring return value of type 'hipError_t' declared with 'nodiscard' attribute [-Wunused-value]
  236 |     cudaFree((void*) pl.k_pool); cudaFree((void*) pl.v_pool); cudaFree((void*) pl.page_table);
      |                                  ^~~~~~~~~~~~~~~~~~~~~~~~~~~
/workspace/flashnext-competition/strata/src/include/strata/hip_compat/cuda_runtime.h:42:18: note: expanded from macro 'cudaFree'
   42 | #define cudaFree hipFree
      |                  ^
/workspace/flashnext-competition/strata/src/src/kernels/qsa_prompt_attn_parity.cpp:236:63: warning: ignoring return value of type 'hipError_t' declared with 'nodiscard' attribute [-Wunused-value]
  236 |     cudaFree((void*) pl.k_pool); cudaFree((void*) pl.v_pool); cudaFree((void*) pl.page_table);
      |                                                               ^~~~~~~~~~~~~~~~~~~~~~~~~~~~~~~
/workspace/flashnext-competition/strata/src/include/strata/hip_compat/cuda_runtime.h:42:18: note: expanded from macro 'cudaFree'
   42 | #define cudaFree hipFree
      |                  ^
/workspace/flashnext-competition/strata/src/src/kernels/qsa_prompt_attn_parity.cpp:237:5: warning: ignoring return value of type 'hipError_t' declared with 'nodiscard' attribute [-Wunused-value]
  237 |     cudaFree((void*) pl.k_q4); cudaFree((void*) pl.v_q4);
      |     ^~~~~~~~~~~~~~~~~~~~~~~~~
/workspace/flashnext-competition/strata/src/include/strata/hip_compat/cuda_runtime.h:42:18: note: expanded from macro 'cudaFree'
   42 | #define cudaFree hipFree
      |                  ^
/workspace/flashnext-competition/strata/src/src/kernels/qsa_prompt_attn_parity.cpp:237:32: warning: ignoring return value of type 'hipError_t' declared with 'nodiscard' attribute [-Wunused-value]
  237 |     cudaFree((void*) pl.k_q4); cudaFree((void*) pl.v_q4);
      |                                ^~~~~~~~~~~~~~~~~~~~~~~~~
/workspace/flashnext-competition/strata/src/include/strata/hip_compat/cuda_runtime.h:42:18: note: expanded from macro 'cudaFree'
   42 | #define cudaFree hipFree
      |                  ^
23 warnings generated.
[32/42] Building CXX object CMakeFiles/strata_prefill.dir/src/prefill/prefill.cpp.o
In file included from /workspace/flashnext-competition/strata/src/src/prefill/prefill.cpp:2:
In file included from /workspace/flashnext-competition/strata/src/include/strata/prefill/prefill.hpp:14:
/workspace/flashnext-competition/strata/src/include/strata/core/expert_source.hpp:672:13: warning: 'reads' overrides a member function but is not marked 'override' [-Winconsistent-missing-override]
  672 |     int64_t reads() const { return reads_; }
      |             ^
/workspace/flashnext-competition/strata/src/include/strata/core/expert_source.hpp:130:21: note: overridden virtual function is here
  130 |     virtual int64_t reads() const { return 0; }
      |                     ^
In file included from /workspace/flashnext-competition/strata/src/src/prefill/prefill.cpp:5:
/workspace/flashnext-competition/strata/src/include/strata/core/on_device.hpp:17:38: warning: ignoring return value of type 'hipError_t' declared with 'nodiscard' attribute [-Wunused-value]
   17 |     ~OnDevice() { if (previous >= 0) cudaSetDevice(previous); }
      |                                      ^~~~~~~~~~~~~~~~~~~~~~~
/workspace/flashnext-competition/strata/src/include/strata/hip_compat/cuda_runtime.h:105:23: note: expanded from macro 'cudaSetDevice'
  105 | #define cudaSetDevice hipSetDevice
      |                       ^
/workspace/flashnext-competition/strata/src/src/prefill/prefill.cpp:290:17: warning: ignoring return value of type 'hipError_t' declared with 'nodiscard' attribute [-Wunused-value]
  290 |                 cudaGetLastError();
      |                 ^~~~~~~~~~~~~~~~~~
/workspace/flashnext-competition/strata/src/include/strata/hip_compat/cuda_runtime.h:54:26: note: expanded from macro 'cudaGetLastError'
   54 | #define cudaGetLastError hipGetLastError
      |                          ^
/workspace/flashnext-competition/strata/src/src/prefill/prefill.cpp:296:9: warning: ignoring return value of type 'hipError_t' declared with 'nodiscard' attribute [-Wunused-value]
  296 |         cudaGetDevice(&device);
      |         ^~~~~~~~~~~~~~~~~~~~~~
/workspace/flashnext-competition/strata/src/include/strata/hip_compat/cuda_runtime.h:50:23: note: expanded from macro 'cudaGetDevice'
   50 | #define cudaGetDevice hipGetDevice
      |                       ^
/workspace/flashnext-competition/strata/src/src/prefill/prefill.cpp:306:30: warning: ignoring return value of type 'hipError_t' declared with 'nodiscard' attribute [-Wunused-value]
  306 |             if (dma_done[i]) cudaEventDestroy(dma_done[i]);
      |                              ^~~~~~~~~~~~~~~~~~~~~~~~~~~~~
/workspace/flashnext-competition/strata/src/include/strata/hip_compat/cuda_runtime.h:35:26: note: expanded from macro 'cudaEventDestroy'
   35 | #define cudaEventDestroy hipEventDestroy
      |                          ^
/workspace/flashnext-competition/strata/src/src/prefill/prefill.cpp:307:38: warning: ignoring return value of type 'hipError_t' declared with 'nodiscard' attribute [-Wunused-value]
  307 |             if (buf[i] && pinned[i]) cudaFreeHost(buf[i]);
      |                                      ^~~~~~~~~~~~~~~~~~~~
/workspace/flashnext-competition/strata/src/include/strata/hip_compat/cuda_runtime.h:46:22: note: expanded from macro 'cudaFreeHost'
   46 | #define cudaFreeHost hipFreeHost
      |                      ^
/workspace/flashnext-competition/strata/src/src/prefill/prefill.cpp:311:9: warning: ignoring return value of type 'hipError_t' declared with 'nodiscard' attribute [-Wunused-value]
  311 |         cudaSetDevice(device);
      |         ^~~~~~~~~~~~~~~~~~~~~
/workspace/flashnext-competition/strata/src/include/strata/hip_compat/cuda_runtime.h:105:23: note: expanded from macro 'cudaSetDevice'
  105 | #define cudaSetDevice hipSetDevice
      |                       ^
/workspace/flashnext-competition/strata/src/src/prefill/prefill.cpp:330:17: warning: ignoring return value of type 'hipError_t' declared with 'nodiscard' attribute [-Wunused-value]
  330 |                 cudaEventSynchronize(dma_done[b]);
      |                 ^~~~~~~~~~~~~~~~~~~~~~~~~~~~~~~~~
/workspace/flashnext-competition/strata/src/include/strata/hip_compat/cuda_runtime.h:40:30: note: expanded from macro 'cudaEventSynchronize'
   40 | #define cudaEventSynchronize hipEventSynchronize
      |                              ^
/workspace/flashnext-competition/strata/src/src/prefill/prefill.cpp:373:9: warning: ignoring return value of type 'hipError_t' declared with 'nodiscard' attribute [-Wunused-value]
  373 |         cudaEventRecord(dma_done[j % kRing], copy);
      |         ^~~~~~~~~~~~~~~~~~~~~~~~~~~~~~~~~~~~~~~~~~
/workspace/flashnext-competition/strata/src/include/strata/hip_compat/cuda_runtime.h:39:25: note: expanded from macro 'cudaEventRecord'
   39 | #define cudaEventRecord hipEventRecord
      |                         ^
/workspace/flashnext-competition/strata/src/src/prefill/prefill.cpp:454:9: warning: ignoring return value of type 'hipError_t' declared with 'nodiscard' attribute [-Wunused-value]
  454 |         cudaGetDevice(&prev);
      |         ^~~~~~~~~~~~~~~~~~~~
/workspace/flashnext-competition/strata/src/include/strata/hip_compat/cuda_runtime.h:50:23: note: expanded from macro 'cudaGetDevice'
   50 | #define cudaGetDevice hipGetDevice
      |                       ^
/workspace/flashnext-competition/strata/src/src/prefill/prefill.cpp:455:9: warning: ignoring return value of type 'hipError_t' declared with 'nodiscard' attribute [-Wunused-value]
  455 |         cudaSetDevice(dev);
      |         ^~~~~~~~~~~~~~~~~~
/workspace/flashnext-competition/strata/src/include/strata/hip_compat/cuda_runtime.h:105:23: note: expanded from macro 'cudaSetDevice'
  105 | #define cudaSetDevice hipSetDevice
      |                       ^
/workspace/flashnext-competition/strata/src/src/prefill/prefill.cpp:456:16: warning: ignoring return value of type 'hipError_t' declared with 'nodiscard' attribute [-Wunused-value]
  456 |         if (s) cudaStreamSynchronize(s);
      |                ^~~~~~~~~~~~~~~~~~~~~~~~
/workspace/flashnext-competition/strata/src/include/strata/hip_compat/cuda_runtime.h:117:31: note: expanded from macro 'cudaStreamSynchronize'
  117 | #define cudaStreamSynchronize hipStreamSynchronize
      |                               ^
/workspace/flashnext-competition/strata/src/src/prefill/prefill.cpp:458:31: warning: ignoring return value of type 'hipError_t' declared with 'nodiscard' attribute [-Wunused-value]
  458 |         for (void* p : owned) cudaFree(p);
      |                               ^~~~~~~~~~~
/workspace/flashnext-competition/strata/src/include/strata/hip_compat/cuda_runtime.h:42:18: note: expanded from macro 'cudaFree'
   42 | #define cudaFree hipFree
      |                  ^
/workspace/flashnext-competition/strata/src/src/prefill/prefill.cpp:459:22: warning: ignoring return value of type 'hipError_t' declared with 'nodiscard' attribute [-Wunused-value]
  459 |         if (ev_done) cudaEventDestroy(ev_done);
      |                      ^~~~~~~~~~~~~~~~~~~~~~~~~
/workspace/flashnext-competition/strata/src/include/strata/hip_compat/cuda_runtime.h:35:26: note: expanded from macro 'cudaEventDestroy'
   35 | #define cudaEventDestroy hipEventDestroy
      |                          ^
/workspace/flashnext-competition/strata/src/src/prefill/prefill.cpp:460:20: warning: ignoring return value of type 'hipError_t' declared with 'nodiscard' attribute [-Wunused-value]
  460 |         if (s_out) cudaStreamSynchronize(s_out);
      |                    ^~~~~~~~~~~~~~~~~~~~~~~~~~~~
/workspace/flashnext-competition/strata/src/include/strata/hip_compat/cuda_runtime.h:117:31: note: expanded from macro 'cudaStreamSynchronize'
  117 | #define cudaStreamSynchronize hipStreamSynchronize
      |                               ^
/workspace/flashnext-competition/strata/src/src/prefill/prefill.cpp:461:45: warning: ignoring return value of type 'hipError_t' declared with 'nodiscard' attribute [-Wunused-value]
  461 |         for (cudaEvent_t e : ev_grp) if (e) cudaEventDestroy(e);
      |                                             ^~~~~~~~~~~~~~~~~~~
/workspace/flashnext-competition/strata/src/include/strata/hip_compat/cuda_runtime.h:35:26: note: expanded from macro 'cudaEventDestroy'
   35 | #define cudaEventDestroy hipEventDestroy
      |                          ^
/workspace/flashnext-competition/strata/src/src/prefill/prefill.cpp:462:44: warning: ignoring return value of type 'hipError_t' declared with 'nodiscard' attribute [-Wunused-value]
  462 |         for (cudaEvent_t e : ev_dm) if (e) cudaEventDestroy(e);
      |                                            ^~~~~~~~~~~~~~~~~~~
/workspace/flashnext-competition/strata/src/include/strata/hip_compat/cuda_runtime.h:35:26: note: expanded from macro 'cudaEventDestroy'
   35 | #define cudaEventDestroy hipEventDestroy
      |                          ^
/workspace/flashnext-competition/strata/src/src/prefill/prefill.cpp:463:19: warning: ignoring return value of type 'hipError_t' declared with 'nodiscard' attribute [-Wunused-value]
  463 |         if (s_cp) cudaStreamSynchronize(s_cp);
      |                   ^~~~~~~~~~~~~~~~~~~~~~~~~~~
/workspace/flashnext-competition/strata/src/include/strata/hip_compat/cuda_runtime.h:117:31: note: expanded from macro 'cudaStreamSynchronize'
  117 | #define cudaStreamSynchronize hipStreamSynchronize
      |                               ^
/workspace/flashnext-competition/strata/src/src/prefill/prefill.cpp:464:46: warning: ignoring return value of type 'hipError_t' declared with 'nodiscard' attribute [-Wunused-value]
  464 |         for (cudaEvent_t e : pcopied) if (e) cudaEventDestroy(e);
      |                                              ^~~~~~~~~~~~~~~~~~~
/workspace/flashnext-competition/strata/src/include/strata/hip_compat/cuda_runtime.h:35:26: note: expanded from macro 'cudaEventDestroy'
   35 | #define cudaEventDestroy hipEventDestroy
      |                          ^
/workspace/flashnext-competition/strata/src/src/prefill/prefill.cpp:465:44: warning: ignoring return value of type 'hipError_t' declared with 'nodiscard' attribute [-Wunused-value]
  465 |         for (cudaEvent_t e : pused) if (e) cudaEventDestroy(e);
      |                                            ^~~~~~~~~~~~~~~~~~~
/workspace/flashnext-competition/strata/src/include/strata/hip_compat/cuda_runtime.h:35:26: note: expanded from macro 'cudaEventDestroy'
   35 | #define cudaEventDestroy hipEventDestroy
      |                          ^
/workspace/flashnext-competition/strata/src/src/prefill/prefill.cpp:466:19: warning: ignoring return value of type 'hipError_t' declared with 'nodiscard' attribute [-Wunused-value]
  466 |         if (s_cp) cudaStreamDestroy(s_cp);
      |                   ^~~~~~~~~~~~~~~~~~~~~~~
/workspace/flashnext-competition/strata/src/include/strata/hip_compat/cuda_runtime.h:112:27: note: expanded from macro 'cudaStreamDestroy'
  112 | #define cudaStreamDestroy hipStreamDestroy
      |                           ^
/workspace/flashnext-competition/strata/src/src/prefill/prefill.cpp:467:20: warning: ignoring return value of type 'hipError_t' declared with 'nodiscard' attribute [-Wunused-value]
  467 |         if (s_out) cudaStreamDestroy(s_out);
      |                    ^~~~~~~~~~~~~~~~~~~~~~~~
/workspace/flashnext-competition/strata/src/include/strata/hip_compat/cuda_runtime.h:112:27: note: expanded from macro 'cudaStreamDestroy'
  112 | #define cudaStreamDestroy hipStreamDestroy
      |                           ^
/workspace/flashnext-competition/strata/src/src/prefill/prefill.cpp:468:16: warning: ignoring return value of type 'hipError_t' declared with 'nodiscard' attribute [-Wunused-value]
  468 |         if (s) cudaStreamDestroy(s);
      |                ^~~~~~~~~~~~~~~~~~~~
/workspace/flashnext-competition/strata/src/include/strata/hip_compat/cuda_runtime.h:112:27: note: expanded from macro 'cudaStreamDestroy'
  112 | #define cudaStreamDestroy hipStreamDestroy
      |                           ^
/workspace/flashnext-competition/strata/src/src/prefill/prefill.cpp:469:9: warning: ignoring return value of type 'hipError_t' declared with 'nodiscard' attribute [-Wunused-value]
  469 |         cudaSetDevice(prev);
      |         ^~~~~~~~~~~~~~~~~~~
/workspace/flashnext-competition/strata/src/include/strata/hip_compat/cuda_runtime.h:105:23: note: expanded from macro 'cudaSetDevice'
  105 | #define cudaSetDevice hipSetDevice
      |                       ^
/workspace/flashnext-competition/strata/src/src/prefill/prefill.cpp:470:20: warning: ignoring return value of type 'hipError_t' declared with 'nodiscard' attribute [-Wunused-value]
  470 |         if (ev_in) cudaEventDestroy(ev_in);
      |                    ^~~~~~~~~~~~~~~~~~~~~~~
/workspace/flashnext-competition/strata/src/include/strata/hip_compat/cuda_runtime.h:35:26: note: expanded from macro 'cudaEventDestroy'
   35 | #define cudaEventDestroy hipEventDestroy
      |                          ^
/workspace/flashnext-competition/strata/src/src/prefill/prefill.cpp:471:21: warning: ignoring return value of type 'hipError_t' declared with 'nodiscard' attribute [-Wunused-value]
  471 |         if (host_x) cudaFreeHost(host_x);
      |                     ^~~~~~~~~~~~~~~~~~~~
/workspace/flashnext-competition/strata/src/include/strata/hip_compat/cuda_runtime.h:46:22: note: expanded from macro 'cudaFreeHost'
   46 | #define cudaFreeHost hipFreeHost
      |                      ^
/workspace/flashnext-competition/strata/src/src/prefill/prefill.cpp:472:24: warning: ignoring return value of type 'hipError_t' declared with 'nodiscard' attribute [-Wunused-value]
  472 |         if (host_rows) cudaFreeHost(host_rows);
      |                        ^~~~~~~~~~~~~~~~~~~~~~~
/workspace/flashnext-competition/strata/src/include/strata/hip_compat/cuda_runtime.h:46:22: note: expanded from macro 'cudaFreeHost'
   46 | #define cudaFreeHost hipFreeHost
      |                      ^
/workspace/flashnext-competition/strata/src/src/prefill/prefill.cpp:473:23: warning: ignoring return value of type 'hipError_t' declared with 'nodiscard' attribute [-Wunused-value]
  473 |         if (host_src) cudaFreeHost(host_src);
      |                       ^~~~~~~~~~~~~~~~~~~~~~
/workspace/flashnext-competition/strata/src/include/strata/hip_compat/cuda_runtime.h:46:22: note: expanded from macro 'cudaFreeHost'
   46 | #define cudaFreeHost hipFreeHost
      |                      ^
/workspace/flashnext-competition/strata/src/src/prefill/prefill.cpp:474:26: warning: ignoring return value of type 'hipError_t' declared with 'nodiscard' attribute [-Wunused-value]
  474 |         if (host_bounds) cudaFreeHost(host_bounds);
      |                          ^~~~~~~~~~~~~~~~~~~~~~~~~
/workspace/flashnext-competition/strata/src/include/strata/hip_compat/cuda_runtime.h:46:22: note: expanded from macro 'cudaFreeHost'
   46 | #define cudaFreeHost hipFreeHost
      |                      ^
/workspace/flashnext-competition/strata/src/src/prefill/prefill.cpp:615:20: warning: ignoring return value of type 'hipError_t' declared with 'nodiscard' attribute [-Wunused-value]
  615 |     if (impl_->cs) cudaStreamSynchronize(impl_->cs);
      |                    ^~~~~~~~~~~~~~~~~~~~~~~~~~~~~~~~
/workspace/flashnext-competition/strata/src/include/strata/hip_compat/cuda_runtime.h:117:31: note: expanded from macro 'cudaStreamSynchronize'
  117 | #define cudaStreamSynchronize hipStreamSynchronize
      |                               ^
/workspace/flashnext-competition/strata/src/src/prefill/prefill.cpp:616:22: warning: ignoring return value of type 'hipError_t' declared with 'nodiscard' attribute [-Wunused-value]
  616 |     if (impl_->copy) cudaStreamSynchronize(impl_->copy);
      |                      ^~~~~~~~~~~~~~~~~~~~~~~~~~~~~~~~~~
/workspace/flashnext-competition/strata/src/include/strata/hip_compat/cuda_runtime.h:117:31: note: expanded from macro 'cudaStreamSynchronize'
  117 | #define cudaStreamSynchronize hipStreamSynchronize
      |                               ^
/workspace/flashnext-competition/strata/src/src/prefill/prefill.cpp:618:31: warning: ignoring return value of type 'hipError_t' declared with 'nodiscard' attribute [-Wunused-value]
  618 |         if (impl_->copied[i]) cudaEventDestroy(impl_->copied[i]);
      |                               ^~~~~~~~~~~~~~~~~~~~~~~~~~~~~~~~~~
/workspace/flashnext-competition/strata/src/include/strata/hip_compat/cuda_runtime.h:35:26: note: expanded from macro 'cudaEventDestroy'
   35 | #define cudaEventDestroy hipEventDestroy
      |                          ^
/workspace/flashnext-competition/strata/src/src/prefill/prefill.cpp:619:29: warning: ignoring return value of type 'hipError_t' declared with 'nodiscard' attribute [-Wunused-value]
  619 |         if (impl_->used[i]) cudaEventDestroy(impl_->used[i]);
      |                             ^~~~~~~~~~~~~~~~~~~~~~~~~~~~~~~~
/workspace/flashnext-competition/strata/src/include/strata/hip_compat/cuda_runtime.h:35:26: note: expanded from macro 'cudaEventDestroy'
   35 | #define cudaEventDestroy hipEventDestroy
      |                          ^
/workspace/flashnext-competition/strata/src/src/prefill/prefill.cpp:622:29: warning: ignoring return value of type 'hipError_t' declared with 'nodiscard' attribute [-Wunused-value]
  622 |         if (impl_->hand[b]) cudaFreeHost(impl_->hand[b]);
      |                             ^~~~~~~~~~~~~~~~~~~~~~~~~~~~
/workspace/flashnext-competition/strata/src/include/strata/hip_compat/cuda_runtime.h:46:22: note: expanded from macro 'cudaFreeHost'
   46 | #define cudaFreeHost hipFreeHost
      |                      ^
/workspace/flashnext-competition/strata/src/src/prefill/prefill.cpp:623:35: warning: ignoring return value of type 'hipError_t' declared with 'nodiscard' attribute [-Wunused-value]
  623 |         if (impl_->ple_copied[b]) cudaEventDestroy(impl_->ple_copied[b]);
      |                                   ^~~~~~~~~~~~~~~~~~~~~~~~~~~~~~~~~~~~~~
/workspace/flashnext-competition/strata/src/include/strata/hip_compat/cuda_runtime.h:35:26: note: expanded from macro 'cudaEventDestroy'
   35 | #define cudaEventDestroy hipEventDestroy
      |                          ^
/workspace/flashnext-competition/strata/src/src/prefill/prefill.cpp:624:71: warning: ignoring return value of type 'hipError_t' declared with 'nodiscard' attribute [-Wunused-value]
  624 |         if (impl_->ple_emb_host[b] && impl_->ple_pageable[b].empty()) cudaFreeHost(impl_->ple_emb_host[b]);
      |                                                                       ^~~~~~~~~~~~~~~~~~~~~~~~~~~~~~~~~~~~
/workspace/flashnext-competition/strata/src/include/strata/hip_compat/cuda_runtime.h:46:22: note: expanded from macro 'cudaFreeHost'
   46 | #define cudaFreeHost hipFreeHost
      |                      ^
/workspace/flashnext-competition/strata/src/src/prefill/prefill.cpp:626:22: warning: ignoring return value of type 'hipError_t' declared with 'nodiscard' attribute [-Wunused-value]
  626 |     if (impl_->copy) cudaStreamDestroy(impl_->copy);
      |                      ^~~~~~~~~~~~~~~~~~~~~~~~~~~~~~
/workspace/flashnext-competition/strata/src/include/strata/hip_compat/cuda_runtime.h:112:27: note: expanded from macro 'cudaStreamDestroy'
  112 | #define cudaStreamDestroy hipStreamDestroy
      |                           ^
/workspace/flashnext-competition/strata/src/src/prefill/prefill.cpp:627:26: warning: ignoring return value of type 'hipError_t' declared with 'nodiscard' attribute [-Wunused-value]
  627 |     if (impl_->grp_host) cudaFreeHost(impl_->grp_host);
      |                          ^~~~~~~~~~~~~~~~~~~~~~~~~~~~~
/workspace/flashnext-competition/strata/src/include/strata/hip_compat/cuda_runtime.h:46:22: note: expanded from macro 'cudaFreeHost'
   46 | #define cudaFreeHost hipFreeHost
      |                      ^
/workspace/flashnext-competition/strata/src/src/prefill/prefill.cpp:628:34: warning: ignoring return value of type 'hipError_t' declared with 'nodiscard' attribute [-Wunused-value]
  628 |     for (void* p : impl_->owned) cudaFree(p);
      |                                  ^~~~~~~~~~~
/workspace/flashnext-competition/strata/src/include/strata/hip_compat/cuda_runtime.h:42:18: note: expanded from macro 'cudaFree'
   42 | #define cudaFree hipFree
      |                  ^
/workspace/flashnext-competition/strata/src/src/prefill/prefill.cpp:740:5: warning: ignoring return value of type 'hipError_t' declared with 'nodiscard' attribute [-Wunused-value]
  740 |     cudaGetDevice(&m.device);
      |     ^~~~~~~~~~~~~~~~~~~~~~~~
/workspace/flashnext-competition/strata/src/include/strata/hip_compat/cuda_runtime.h:50:23: note: expanded from macro 'cudaGetDevice'
   50 | #define cudaGetDevice hipGetDevice
      |                       ^
/workspace/flashnext-competition/strata/src/src/prefill/prefill.cpp:789:29: warning: ignoring return value of type 'hipError_t' declared with 'nodiscard' attribute [-Wunused-value]
  789 |             if (m.grp_host) cudaFreeHost(m.grp_host);
      |                             ^~~~~~~~~~~~~~~~~~~~~~~~
/workspace/flashnext-competition/strata/src/include/strata/hip_compat/cuda_runtime.h:46:22: note: expanded from macro 'cudaFreeHost'
   46 | #define cudaFreeHost hipFreeHost
      |                      ^
/workspace/flashnext-competition/strata/src/src/prefill/prefill.cpp:800:24: warning: ignoring return value of type 'hipError_t' declared with 'nodiscard' attribute [-Wunused-value]
  800 |                 if (h) cudaFreeHost(h);
      |                        ^~~~~~~~~~~~~~~
/workspace/flashnext-competition/strata/src/include/strata/hip_compat/cuda_runtime.h:46:22: note: expanded from macro 'cudaFreeHost'
   46 | #define cudaFreeHost hipFreeHost
      |                      ^
/workspace/flashnext-competition/strata/src/src/prefill/prefill.cpp:801:17: warning: ignoring return value of type 'hipError_t' declared with 'nodiscard' attribute [-Wunused-value]
  801 |                 cudaGetLastError();
      |                 ^~~~~~~~~~~~~~~~~~
/workspace/flashnext-competition/strata/src/include/strata/hip_compat/cuda_runtime.h:54:26: note: expanded from macro 'cudaGetLastError'
   54 | #define cudaGetLastError hipGetLastError
      |                          ^
/workspace/flashnext-competition/strata/src/src/prefill/prefill.cpp:808:13: warning: ignoring return value of type 'hipError_t' declared with 'nodiscard' attribute [-Wunused-value]
  808 |             cudaGetLastError();
      |             ^~~~~~~~~~~~~~~~~~
/workspace/flashnext-competition/strata/src/include/strata/hip_compat/cuda_runtime.h:54:26: note: expanded from macro 'cudaGetLastError'
   54 | #define cudaGetLastError hipGetLastError
      |                          ^
/workspace/flashnext-competition/strata/src/src/prefill/prefill.cpp:1030:17: warning: ignoring return value of type 'hipError_t' declared with 'nodiscard' attribute [-Wunused-value]
 1030 |     if (timing) cudaStreamSynchronize(m.cs);
      |                 ^~~~~~~~~~~~~~~~~~~~~~~~~~~
/workspace/flashnext-competition/strata/src/include/strata/hip_compat/cuda_runtime.h:117:31: note: expanded from macro 'cudaStreamSynchronize'
  117 | #define cudaStreamSynchronize hipStreamSynchronize
      |                               ^
/workspace/flashnext-competition/strata/src/src/prefill/prefill.cpp:1082:9: warning: ignoring return value of type 'hipError_t' declared with 'nodiscard' attribute [-Wunused-value]
 1082 |         cudaMemcpyAsync(hn, R_rows + (size_t) b0 * HCN, (size_t) nb * HCN * 4, cudaMemcpyDeviceToDevice, m.cs);
      |         ^~~~~~~~~~~~~~~~~~~~~~~~~~~~~~~~~~~~~~~~~~~~~~~~~~~~~~~~~~~~~~~~~~~~~~~~~~~~~~~~~~~~~~~~~~~~~~~~~~~~~~
/workspace/flashnext-competition/strata/src/include/strata/hip_compat/cuda_runtime.h:95:25: note: expanded from macro 'cudaMemcpyAsync'
   95 | #define cudaMemcpyAsync hipMemcpyAsync
      |                         ^
/workspace/flashnext-competition/strata/src/src/prefill/prefill.cpp:1163:5: warning: ignoring return value of type 'hipError_t' declared with 'nodiscard' attribute [-Wunused-value]
 1163 |     cudaGetDevice(&prev);
      |     ^~~~~~~~~~~~~~~~~~~~
/workspace/flashnext-competition/strata/src/include/strata/hip_compat/cuda_runtime.h:50:23: note: expanded from macro 'cudaGetDevice'
   50 | #define cudaGetDevice hipGetDevice
      |                       ^
/workspace/flashnext-competition/strata/src/src/prefill/prefill.cpp:1165:5: warning: ignoring return value of type 'hipError_t' declared with 'nodiscard' attribute [-Wunused-value]
 1165 |     cudaSetDevice(pp->dev);
      |     ^~~~~~~~~~~~~~~~~~~~~~
/workspace/flashnext-competition/strata/src/include/strata/hip_compat/cuda_runtime.h:105:23: note: expanded from macro 'cudaSetDevice'
  105 | #define cudaSetDevice hipSetDevice
      |                       ^
/workspace/flashnext-competition/strata/src/src/prefill/prefill.cpp:1179:5: warning: ignoring return value of type 'hipError_t' declared with 'nodiscard' attribute [-Wunused-value]
 1179 |     cudaSetDevice(prev);
      |     ^~~~~~~~~~~~~~~~~~~
/workspace/flashnext-competition/strata/src/include/strata/hip_compat/cuda_runtime.h:105:23: note: expanded from macro 'cudaSetDevice'
  105 | #define cudaSetDevice hipSetDevice
      |                       ^
/workspace/flashnext-competition/strata/src/src/prefill/prefill.cpp:1234:17: warning: ignoring return value of type 'hipError_t' declared with 'nodiscard' attribute [-Wunused-value]
 1234 |                 cudaGetLastError();
      |                 ^~~~~~~~~~~~~~~~~~
/workspace/flashnext-competition/strata/src/include/strata/hip_compat/cuda_runtime.h:54:26: note: expanded from macro 'cudaGetLastError'
   54 | #define cudaGetLastError hipGetLastError
      |                          ^
/workspace/flashnext-competition/strata/src/src/prefill/prefill.cpp:1230:20: warning: ignoring return value of type 'hipError_t' declared with 'nodiscard' attribute [-Wunused-value]
 1230 |             if (p) cudaFreeHost(p);
      |                    ^~~~~~~~~~~~~~~
/workspace/flashnext-competition/strata/src/include/strata/hip_compat/cuda_runtime.h:46:22: note: expanded from macro 'cudaFreeHost'
   46 | #define cudaFreeHost hipFreeHost
      |                      ^
/workspace/flashnext-competition/strata/src/src/prefill/prefill.cpp:1242:18: note: in instantiation of function template specialization 'strata::prefill::Prefill::bind_stage_helper(int64_t)::(lambda)::operator()<float>' requested here
 1242 |         if (!grow(P.host_x, P.host_x_cap, (size_t) T * N) || !grow(P.host_rows, P.host_rows_cap, (size_t) T * K * N) ||
      |                  ^
/workspace/flashnext-competition/strata/src/src/prefill/prefill.cpp:1234:17: warning: ignoring return value of type 'hipError_t' declared with 'nodiscard' attribute [-Wunused-value]
 1234 |                 cudaGetLastError();
      |                 ^~~~~~~~~~~~~~~~~~
/workspace/flashnext-competition/strata/src/include/strata/hip_compat/cuda_runtime.h:54:26: note: expanded from macro 'cudaGetLastError'
   54 | #define cudaGetLastError hipGetLastError
      |                          ^
/workspace/flashnext-competition/strata/src/src/prefill/prefill.cpp:1230:20: warning: ignoring return value of type 'hipError_t' declared with 'nodiscard' attribute [-Wunused-value]
 1230 |             if (p) cudaFreeHost(p);
      |                    ^~~~~~~~~~~~~~~
/workspace/flashnext-competition/strata/src/include/strata/hip_compat/cuda_runtime.h:46:22: note: expanded from macro 'cudaFreeHost'
   46 | #define cudaFreeHost hipFreeHost
      |                      ^
/workspace/flashnext-competition/strata/src/src/prefill/prefill.cpp:1243:18: note: in instantiation of function template specialization 'strata::prefill::Prefill::bind_stage_helper(int64_t)::(lambda)::operator()<int>' requested here
 1243 |             !grow(P.host_src, P.host_src_cap, (size_t) T * K) || !grow(P.host_bounds, bounds_cap, PeerPrefill::kHostBounds))
      |                  ^
/workspace/flashnext-competition/strata/src/src/prefill/prefill.cpp:1234:17: warning: ignoring return value of type 'hipError_t' declared with 'nodiscard' attribute [-Wunused-value]
 1234 |                 cudaGetLastError();
      |                 ^~~~~~~~~~~~~~~~~~
/workspace/flashnext-competition/strata/src/include/strata/hip_compat/cuda_runtime.h:54:26: note: expanded from macro 'cudaGetLastError'
   54 | #define cudaGetLastError hipGetLastError
      |                          ^
/workspace/flashnext-competition/strata/src/src/prefill/prefill.cpp:1264:5: warning: ignoring return value of type 'hipError_t' declared with 'nodiscard' attribute [-Wunused-value]
 1264 |     cudaGetDevice(&prev);
      |     ^~~~~~~~~~~~~~~~~~~~
/workspace/flashnext-competition/strata/src/include/strata/hip_compat/cuda_runtime.h:50:23: note: expanded from macro 'cudaGetDevice'
   50 | #define cudaGetDevice hipGetDevice
      |                       ^
/workspace/flashnext-competition/strata/src/src/prefill/prefill.cpp:1266:5: warning: ignoring return value of type 'hipError_t' declared with 'nodiscard' attribute [-Wunused-value]
 1266 |     cudaSetDevice(pp->dev);
      |     ^~~~~~~~~~~~~~~~~~~~~~
/workspace/flashnext-competition/strata/src/include/strata/hip_compat/cuda_runtime.h:105:23: note: expanded from macro 'cudaSetDevice'
  105 | #define cudaSetDevice hipSetDevice
      |                       ^
/workspace/flashnext-competition/strata/src/src/prefill/prefill.cpp:1338:5: warning: ignoring return value of type 'hipError_t' declared with 'nodiscard' attribute [-Wunused-value]
 1338 |     cudaMemGetInfo(&fb, &tb);
      |     ^~~~~~~~~~~~~~~~~~~~~~~~
/workspace/flashnext-competition/strata/src/include/strata/hip_compat/cuda_runtime.h:91:24: note: expanded from macro 'cudaMemGetInfo'
   91 | #define cudaMemGetInfo hipMemGetInfo
      |                        ^
/workspace/flashnext-competition/strata/src/src/prefill/prefill.cpp:1339:5: warning: ignoring return value of type 'hipError_t' declared with 'nodiscard' attribute [-Wunused-value]
 1339 |     cudaSetDevice(prev);
      |     ^~~~~~~~~~~~~~~~~~~
/workspace/flashnext-competition/strata/src/include/strata/hip_compat/cuda_runtime.h:105:23: note: expanded from macro 'cudaSetDevice'
  105 | #define cudaSetDevice hipSetDevice
      |                       ^
/workspace/flashnext-competition/strata/src/src/prefill/prefill.cpp:1479:13: warning: ignoring return value of type 'hipError_t' declared with 'nodiscard' attribute [-Wunused-value]
 1479 |             cudaEventCreate(&e);
      |             ^~~~~~~~~~~~~~~~~~~
/workspace/flashnext-competition/strata/src/include/strata/hip_compat/cuda_runtime.h:33:25: note: expanded from macro 'cudaEventCreate'
   33 | #define cudaEventCreate hipEventCreate
      |                         ^
/workspace/flashnext-competition/strata/src/src/prefill/prefill.cpp:1484:9: warning: ignoring return value of type 'hipError_t' declared with 'nodiscard' attribute [-Wunused-value]
 1484 |         cudaEventRecord(ev[used], s);
      |         ^~~~~~~~~~~~~~~~~~~~~~~~~~~~
/workspace/flashnext-competition/strata/src/include/strata/hip_compat/cuda_runtime.h:39:25: note: expanded from macro 'cudaEventRecord'
   39 | #define cudaEventRecord hipEventRecord
      |                         ^
/workspace/flashnext-competition/strata/src/src/prefill/prefill.cpp:1499:34: warning: ignoring return value of type 'hipError_t' declared with 'nodiscard' attribute [-Wunused-value]
 1499 |         for (cudaEvent_t e : ev) cudaEventDestroy(e);
      |                                  ^~~~~~~~~~~~~~~~~~~
/workspace/flashnext-competition/strata/src/include/strata/hip_compat/cuda_runtime.h:35:26: note: expanded from macro 'cudaEventDestroy'
   35 | #define cudaEventDestroy hipEventDestroy
      |                          ^
/workspace/flashnext-competition/strata/src/src/prefill/prefill.cpp:1516:13: warning: ignoring return value of type 'hipError_t' declared with 'nodiscard' attribute [-Wunused-value]
 1516 |             cudaEventCreate(&e);
      |             ^~~~~~~~~~~~~~~~~~~
/workspace/flashnext-competition/strata/src/include/strata/hip_compat/cuda_runtime.h:33:25: note: expanded from macro 'cudaEventCreate'
   33 | #define cudaEventCreate hipEventCreate
      |                         ^
/workspace/flashnext-competition/strata/src/src/prefill/prefill.cpp:1521:9: warning: ignoring return value of type 'hipError_t' declared with 'nodiscard' attribute [-Wunused-value]
 1521 |         cudaEventRecord(ev[used], s);
      |         ^~~~~~~~~~~~~~~~~~~~~~~~~~~~
/workspace/flashnext-competition/strata/src/include/strata/hip_compat/cuda_runtime.h:39:25: note: expanded from macro 'cudaEventRecord'
   39 | #define cudaEventRecord hipEventRecord
      |                         ^
/workspace/flashnext-competition/strata/src/src/prefill/prefill.cpp:1537:9: warning: ignoring return value of type 'hipError_t' declared with 'nodiscard' attribute [-Wunused-value]
 1537 |         cudaGetDevice(&prev);
      |         ^~~~~~~~~~~~~~~~~~~~
/workspace/flashnext-competition/strata/src/include/strata/hip_compat/cuda_runtime.h:50:23: note: expanded from macro 'cudaGetDevice'
   50 | #define cudaGetDevice hipGetDevice
      |                       ^
/workspace/flashnext-competition/strata/src/src/prefill/prefill.cpp:1538:9: warning: ignoring return value of type 'hipError_t' declared with 'nodiscard' attribute [-Wunused-value]
 1538 |         cudaSetDevice(dev);
      |         ^~~~~~~~~~~~~~~~~~
/workspace/flashnext-competition/strata/src/include/strata/hip_compat/cuda_runtime.h:105:23: note: expanded from macro 'cudaSetDevice'
  105 | #define cudaSetDevice hipSetDevice
      |                       ^
/workspace/flashnext-competition/strata/src/src/prefill/prefill.cpp:1539:34: warning: ignoring return value of type 'hipError_t' declared with 'nodiscard' attribute [-Wunused-value]
 1539 |         for (cudaEvent_t e : ev) cudaEventDestroy(e);
      |                                  ^~~~~~~~~~~~~~~~~~~
/workspace/flashnext-competition/strata/src/include/strata/hip_compat/cuda_runtime.h:35:26: note: expanded from macro 'cudaEventDestroy'
   35 | #define cudaEventDestroy hipEventDestroy
      |                          ^
/workspace/flashnext-competition/strata/src/src/prefill/prefill.cpp:1540:9: warning: ignoring return value of type 'hipError_t' declared with 'nodiscard' attribute [-Wunused-value]
 1540 |         cudaSetDevice(prev);
      |         ^~~~~~~~~~~~~~~~~~~
/workspace/flashnext-competition/strata/src/include/strata/hip_compat/cuda_runtime.h:105:23: note: expanded from macro 'cudaSetDevice'
  105 | #define cudaSetDevice hipSetDevice
      |                       ^
/workspace/flashnext-competition/strata/src/src/prefill/prefill.cpp:1574:13: warning: ignoring return value of type 'hipError_t' declared with 'nodiscard' attribute [-Wunused-value]
 1574 |             cudaStreamSynchronize(m.pp->s_cp);
      |             ^~~~~~~~~~~~~~~~~~~~~~~~~~~~~~~~~
/workspace/flashnext-competition/strata/src/include/strata/hip_compat/cuda_runtime.h:117:31: note: expanded from macro 'cudaStreamSynchronize'
  117 | #define cudaStreamSynchronize hipStreamSynchronize
      |                               ^
/workspace/flashnext-competition/strata/src/src/prefill/prefill.cpp:1575:13: warning: ignoring return value of type 'hipError_t' declared with 'nodiscard' attribute [-Wunused-value]
 1575 |             cudaStreamSynchronize(m.pp->s_out);
      |             ^~~~~~~~~~~~~~~~~~~~~~~~~~~~~~~~~~
/workspace/flashnext-competition/strata/src/include/strata/hip_compat/cuda_runtime.h:117:31: note: expanded from macro 'cudaStreamSynchronize'
  117 | #define cudaStreamSynchronize hipStreamSynchronize
      |                               ^
/workspace/flashnext-competition/strata/src/src/prefill/prefill.cpp:1576:13: warning: ignoring return value of type 'hipError_t' declared with 'nodiscard' attribute [-Wunused-value]
 1576 |             cudaStreamSynchronize(m.pp->s);
      |             ^~~~~~~~~~~~~~~~~~~~~~~~~~~~~~
/workspace/flashnext-competition/strata/src/include/strata/hip_compat/cuda_runtime.h:117:31: note: expanded from macro 'cudaStreamSynchronize'
  117 | #define cudaStreamSynchronize hipStreamSynchronize
      |                               ^
/workspace/flashnext-competition/strata/src/src/prefill/prefill.cpp:1720:9: warning: ignoring return value of type 'hipError_t' declared with 'nodiscard' attribute [-Wunused-value]
 1720 |         cudaMemcpyAsync(m.steps_dev, m.steps_host.data(), (size_t) T * strata::kernels::kStepCount * 4,
      |         ^~~~~~~~~~~~~~~~~~~~~~~~~~~~~~~~~~~~~~~~~~~~~~~~~~~~~~~~~~~~~~~~~~~~~~~~~~~~~~~~~~~~~~~~~~~~~~~
 1721 |                         cudaMemcpyHostToDevice, m.cs);
      |                         ~~~~~~~~~~~~~~~~~~~~~~~~~~~~~
/workspace/flashnext-competition/strata/src/include/strata/hip_compat/cuda_runtime.h:95:25: note: expanded from macro 'cudaMemcpyAsync'
   95 | #define cudaMemcpyAsync hipMemcpyAsync
      |                         ^
/workspace/flashnext-competition/strata/src/src/prefill/prefill.cpp:1739:34: warning: ignoring return value of type 'hipError_t' declared with 'nodiscard' attribute [-Wunused-value]
 1739 |                 if (P.plive[sl]) cudaStreamWaitEvent(P.s_cp, P.pused[sl], 0);
      |                                  ^~~~~~~~~~~~~~~~~~~~~~~~~~~~~~~~~~~~~~~~~~~
/workspace/flashnext-competition/strata/src/include/strata/hip_compat/cuda_runtime.h:118:29: note: expanded from macro 'cudaStreamWaitEvent'
  118 | #define cudaStreamWaitEvent hipStreamWaitEvent
      |                             ^
/workspace/flashnext-competition/strata/src/src/prefill/prefill.cpp:1740:17: warning: ignoring return value of type 'hipError_t' declared with 'nodiscard' attribute [-Wunused-value]
 1740 |                 cudaMemcpyAsync(P.pstage[sl], en.blob, (size_t) strata::kernels::cpu::expert_layout().blob_bytes(en.l),
      |                 ^~~~~~~~~~~~~~~~~~~~~~~~~~~~~~~~~~~~~~~~~~~~~~~~~~~~~~~~~~~~~~~~~~~~~~~~~~~~~~~~~~~~~~~~~~~~~~~~~~~~~~~
 1741 |                                 cudaMemcpyHostToDevice, P.s_cp);
      |                                 ~~~~~~~~~~~~~~~~~~~~~~~~~~~~~~~
/workspace/flashnext-competition/strata/src/include/strata/hip_compat/cuda_runtime.h:95:25: note: expanded from macro 'cudaMemcpyAsync'
   95 | #define cudaMemcpyAsync hipMemcpyAsync
      |                         ^
/workspace/flashnext-competition/strata/src/src/prefill/prefill.cpp:1742:17: warning: ignoring return value of type 'hipError_t' declared with 'nodiscard' attribute [-Wunused-value]
 1742 |                 cudaEventRecord(P.pcopied[sl], P.s_cp);
      |                 ^~~~~~~~~~~~~~~~~~~~~~~~~~~~~~~~~~~~~~
/workspace/flashnext-competition/strata/src/include/strata/hip_compat/cuda_runtime.h:39:25: note: expanded from macro 'cudaEventRecord'
   39 | #define cudaEventRecord hipEventRecord
      |                         ^
/workspace/flashnext-competition/strata/src/src/prefill/prefill.cpp:1750:17: warning: ignoring return value of type 'hipError_t' declared with 'nodiscard' attribute [-Wunused-value]
 1750 |                 cudaEventRecord(P.pused[P.pk % (size_t) P.RP], ps);
      |                 ^~~~~~~~~~~~~~~~~~~~~~~~~~~~~~~~~~~~~~~~~~~~~~~~~~
/workspace/flashnext-competition/strata/src/include/strata/hip_compat/cuda_runtime.h:39:25: note: expanded from macro 'cudaEventRecord'
   39 | #define cudaEventRecord hipEventRecord
      |                         ^
/workspace/flashnext-competition/strata/src/src/prefill/prefill.cpp:1817:39: warning: ignoring return value of type 'hipError_t' declared with 'nodiscard' attribute [-Wunused-value]
 1817 |                 if (m.stage_live[sl]) cudaStreamWaitEvent(m.copy, m.used[m.used_of[sl]], 0);
      |                                       ^~~~~~~~~~~~~~~~~~~~~~~~~~~~~~~~~~~~~~~~~~~~~~~~~~~~~
/workspace/flashnext-competition/strata/src/include/strata/hip_compat/cuda_runtime.h:118:29: note: expanded from macro 'cudaStreamWaitEvent'
  118 | #define cudaStreamWaitEvent hipStreamWaitEvent
      |                             ^
/workspace/flashnext-competition/strata/src/src/prefill/prefill.cpp:1819:21: warning: ignoring return value of type 'hipError_t' declared with 'nodiscard' attribute [-Wunused-value]
 1819 |                     cudaMemcpyAsync(m.stage_dev[sl], en.blob, bytes, cudaMemcpyHostToDevice, m.copy);
      |                     ^~~~~~~~~~~~~~~~~~~~~~~~~~~~~~~~~~~~~~~~~~~~~~~~~~~~~~~~~~~~~~~~~~~~~~~~~~~~~~~~
/workspace/flashnext-competition/strata/src/include/strata/hip_compat/cuda_runtime.h:95:25: note: expanded from macro 'cudaMemcpyAsync'
   95 | #define cudaMemcpyAsync hipMemcpyAsync
      |                         ^
/workspace/flashnext-competition/strata/src/src/prefill/prefill.cpp:1823:21: warning: ignoring return value of type 'hipError_t' declared with 'nodiscard' attribute [-Wunused-value]
 1823 |                     cudaMemcpyAsync(m.stage_dev[sl], hb, bytes, cudaMemcpyHostToDevice, m.copy);
      |                     ^~~~~~~~~~~~~~~~~~~~~~~~~~~~~~~~~~~~~~~~~~~~~~~~~~~~~~~~~~~~~~~~~~~~~~~~~~~
/workspace/flashnext-competition/strata/src/include/strata/hip_compat/cuda_runtime.h:95:25: note: expanded from macro 'cudaMemcpyAsync'
   95 | #define cudaMemcpyAsync hipMemcpyAsync
      |                         ^
/workspace/flashnext-competition/strata/src/src/prefill/prefill.cpp:1826:17: warning: ignoring return value of type 'hipError_t' declared with 'nodiscard' attribute [-Wunused-value]
 1826 |                 cudaEventRecord(m.copied[sl], m.copy);
      |                 ^~~~~~~~~~~~~~~~~~~~~~~~~~~~~~~~~~~~~
/workspace/flashnext-competition/strata/src/include/strata/hip_compat/cuda_runtime.h:39:25: note: expanded from macro 'cudaEventRecord'
   39 | #define cudaEventRecord hipEventRecord
      |                         ^
/workspace/flashnext-competition/strata/src/src/prefill/prefill.cpp:1864:43: warning: ignoring return value of type 'hipError_t' declared with 'nodiscard' attribute [-Wunused-value]
 1864 |                     if (m.stage_live[sl]) cudaStreamWaitEvent(m.copy, m.used[m.used_of[sl]], 0);
      |                                           ^~~~~~~~~~~~~~~~~~~~~~~~~~~~~~~~~~~~~~~~~~~~~~~~~~~~~
/workspace/flashnext-competition/strata/src/include/strata/hip_compat/cuda_runtime.h:118:29: note: expanded from macro 'cudaStreamWaitEvent'
  118 | #define cudaStreamWaitEvent hipStreamWaitEvent
      |                             ^
/workspace/flashnext-competition/strata/src/src/prefill/prefill.cpp:1866:25: warning: ignoring return value of type 'hipError_t' declared with 'nodiscard' attribute [-Wunused-value]
 1866 |                         cudaMemcpyAsync(m.stage_dev[sl], en.blob, bytes, cudaMemcpyHostToDevice, m.copy);
      |                         ^~~~~~~~~~~~~~~~~~~~~~~~~~~~~~~~~~~~~~~~~~~~~~~~~~~~~~~~~~~~~~~~~~~~~~~~~~~~~~~~
/workspace/flashnext-competition/strata/src/include/strata/hip_compat/cuda_runtime.h:95:25: note: expanded from macro 'cudaMemcpyAsync'
   95 | #define cudaMemcpyAsync hipMemcpyAsync
      |                         ^
/workspace/flashnext-competition/strata/src/src/prefill/prefill.cpp:1870:25: warning: ignoring return value of type 'hipError_t' declared with 'nodiscard' attribute [-Wunused-value]
 1870 |                         cudaMemcpyAsync(m.stage_dev[sl], hb, bytes, cudaMemcpyHostToDevice, m.copy);
      |                         ^~~~~~~~~~~~~~~~~~~~~~~~~~~~~~~~~~~~~~~~~~~~~~~~~~~~~~~~~~~~~~~~~~~~~~~~~~~
/workspace/flashnext-competition/strata/src/include/strata/hip_compat/cuda_runtime.h:95:25: note: expanded from macro 'cudaMemcpyAsync'
   95 | #define cudaMemcpyAsync hipMemcpyAsync
      |                         ^
/workspace/flashnext-competition/strata/src/src/prefill/prefill.cpp:1873:21: warning: ignoring return value of type 'hipError_t' declared with 'nodiscard' attribute [-Wunused-value]
 1873 |                     cudaEventRecord(m.copied[sl], m.copy);
      |                     ^~~~~~~~~~~~~~~~~~~~~~~~~~~~~~~~~~~~~
/workspace/flashnext-competition/strata/src/include/strata/hip_compat/cuda_runtime.h:39:25: note: expanded from macro 'cudaEventRecord'
   39 | #define cudaEventRecord hipEventRecord
      |                         ^
/workspace/flashnext-competition/strata/src/src/prefill/prefill.cpp:1894:13: warning: ignoring return value of type 'hipError_t' declared with 'nodiscard' attribute [-Wunused-value]
 1894 |             cudaGetDevice(&pd);
      |             ^~~~~~~~~~~~~~~~~~
/workspace/flashnext-competition/strata/src/include/strata/hip_compat/cuda_runtime.h:50:23: note: expanded from macro 'cudaGetDevice'
   50 | #define cudaGetDevice hipGetDevice
      |                       ^
/workspace/flashnext-competition/strata/src/src/prefill/prefill.cpp:1895:13: warning: ignoring return value of type 'hipError_t' declared with 'nodiscard' attribute [-Wunused-value]
 1895 |             cudaSetDevice(m.pp->dev);
      |             ^~~~~~~~~~~~~~~~~~~~~~~~
/workspace/flashnext-competition/strata/src/include/strata/hip_compat/cuda_runtime.h:105:23: note: expanded from macro 'cudaSetDevice'
  105 | #define cudaSetDevice hipSetDevice
      |                       ^
/workspace/flashnext-competition/strata/src/src/prefill/prefill.cpp:1897:13: warning: ignoring return value of type 'hipError_t' declared with 'nodiscard' attribute [-Wunused-value]
 1897 |             cudaSetDevice(pd);
      |             ^~~~~~~~~~~~~~~~~
/workspace/flashnext-competition/strata/src/include/strata/hip_compat/cuda_runtime.h:105:23: note: expanded from macro 'cudaSetDevice'
  105 | #define cudaSetDevice hipSetDevice
      |                       ^
/workspace/flashnext-competition/strata/src/src/prefill/prefill.cpp:2133:25: warning: ignoring return value of type 'hipError_t' declared with 'nodiscard' attribute [-Wunused-value]
 2133 |                         cudaMemcpyAsync(ids.data(), m.sel_ids, ids.size() * 4, cudaMemcpyDeviceToHost, m.cs);
      |                         ^~~~~~~~~~~~~~~~~~~~~~~~~~~~~~~~~~~~~~~~~~~~~~~~~~~~~~~~~~~~~~~~~~~~~~~~~~~~~~~~~~~~
/workspace/flashnext-competition/strata/src/include/strata/hip_compat/cuda_runtime.h:95:25: note: expanded from macro 'cudaMemcpyAsync'
   95 | #define cudaMemcpyAsync hipMemcpyAsync
      |                         ^
/workspace/flashnext-competition/strata/src/src/prefill/prefill.cpp:2134:25: warning: ignoring return value of type 'hipError_t' declared with 'nodiscard' attribute [-Wunused-value]
 2134 |                         cudaStreamSynchronize(m.cs);
      |                         ^~~~~~~~~~~~~~~~~~~~~~~~~~~
/workspace/flashnext-competition/strata/src/include/strata/hip_compat/cuda_runtime.h:117:31: note: expanded from macro 'cudaStreamSynchronize'
  117 | #define cudaStreamSynchronize hipStreamSynchronize
      |                               ^
/workspace/flashnext-competition/strata/src/src/prefill/prefill.cpp:2177:25: warning: ignoring return value of type 'hipError_t' declared with 'nodiscard' attribute [-Wunused-value]
 2177 |                         cudaMemcpyAsync(a.data(), m.sel_ids, a.size() * 4, cudaMemcpyDeviceToHost, m.cs);
      |                         ^~~~~~~~~~~~~~~~~~~~~~~~~~~~~~~~~~~~~~~~~~~~~~~~~~~~~~~~~~~~~~~~~~~~~~~~~~~~~~~~
/workspace/flashnext-competition/strata/src/include/strata/hip_compat/cuda_runtime.h:95:25: note: expanded from macro 'cudaMemcpyAsync'
   95 | #define cudaMemcpyAsync hipMemcpyAsync
      |                         ^
/workspace/flashnext-competition/strata/src/src/prefill/prefill.cpp:2178:25: warning: ignoring return value of type 'hipError_t' declared with 'nodiscard' attribute [-Wunused-value]
 2178 |                         cudaMemcpyAsync(b.data(), ids16, b.size() * 4, cudaMemcpyDeviceToHost, m.cs);
      |                         ^~~~~~~~~~~~~~~~~~~~~~~~~~~~~~~~~~~~~~~~~~~~~~~~~~~~~~~~~~~~~~~~~~~~~~~~~~~~
/workspace/flashnext-competition/strata/src/include/strata/hip_compat/cuda_runtime.h:95:25: note: expanded from macro 'cudaMemcpyAsync'
   95 | #define cudaMemcpyAsync hipMemcpyAsync
      |                         ^
/workspace/flashnext-competition/strata/src/src/prefill/prefill.cpp:2179:25: warning: ignoring return value of type 'hipError_t' declared with 'nodiscard' attribute [-Wunused-value]
 2179 |                         cudaStreamSynchronize(m.cs);
      |                         ^~~~~~~~~~~~~~~~~~~~~~~~~~~
/workspace/flashnext-competition/strata/src/include/strata/hip_compat/cuda_runtime.h:117:31: note: expanded from macro 'cudaStreamSynchronize'
  117 | #define cudaStreamSynchronize hipStreamSynchronize
      |                               ^
/workspace/flashnext-competition/strata/src/src/prefill/prefill.cpp:2204:29: warning: ignoring return value of type 'hipError_t' declared with 'nodiscard' attribute [-Wunused-value]
 2204 |                             cudaMemcpyAsync(h.data(), m.sel_ids, h.size() * 4, cudaMemcpyDeviceToHost, m.cs);
      |                             ^~~~~~~~~~~~~~~~~~~~~~~~~~~~~~~~~~~~~~~~~~~~~~~~~~~~~~~~~~~~~~~~~~~~~~~~~~~~~~~~
/workspace/flashnext-competition/strata/src/include/strata/hip_compat/cuda_runtime.h:95:25: note: expanded from macro 'cudaMemcpyAsync'
   95 | #define cudaMemcpyAsync hipMemcpyAsync
      |                         ^
/workspace/flashnext-competition/strata/src/src/prefill/prefill.cpp:2205:29: warning: ignoring return value of type 'hipError_t' declared with 'nodiscard' attribute [-Wunused-value]
 2205 |                             cudaStreamSynchronize(m.cs);
      |                             ^~~~~~~~~~~~~~~~~~~~~~~~~~~
/workspace/flashnext-competition/strata/src/include/strata/hip_compat/cuda_runtime.h:117:31: note: expanded from macro 'cudaStreamSynchronize'
  117 | #define cudaStreamSynchronize hipStreamSynchronize
      |                               ^
/workspace/flashnext-competition/strata/src/src/prefill/prefill.cpp:2310:33: warning: ignoring return value of type 'hipError_t' declared with 'nodiscard' attribute [-Wunused-value]
 2310 |                                 cudaStreamWaitEvent(m.cs, m.copied[(k - 1) % (size_t) m.ring], 0);
      |                                 ^~~~~~~~~~~~~~~~~~~~~~~~~~~~~~~~~~~~~~~~~~~~~~~~~~~~~~~~~~~~~~~~~
/workspace/flashnext-competition/strata/src/include/strata/hip_compat/cuda_runtime.h:118:29: note: expanded from macro 'cudaStreamWaitEvent'
  118 | #define cudaStreamWaitEvent hipStreamWaitEvent
      |                             ^
/workspace/flashnext-competition/strata/src/src/prefill/prefill.cpp:2322:33: warning: ignoring return value of type 'hipError_t' declared with 'nodiscard' attribute [-Wunused-value]
 2322 |                                 cudaEventRecord(m.used[kk % (size_t) m.ring], m.cs);
      |                                 ^~~~~~~~~~~~~~~~~~~~~~~~~~~~~~~~~~~~~~~~~~~~~~~~~~~
/workspace/flashnext-competition/strata/src/include/strata/hip_compat/cuda_runtime.h:39:25: note: expanded from macro 'cudaEventRecord'
   39 | #define cudaEventRecord hipEventRecord
      |                         ^
/workspace/flashnext-competition/strata/src/src/prefill/prefill.cpp:2340:30: warning: ignoring return value of type 'hipError_t' declared with 'nodiscard' attribute [-Wunused-value]
 2340 |                         else cudaMemcpyAsync(m.ids_host.data(), m.ids, (size_t) T * K * 4, cudaMemcpyDeviceToHost, m.cs);
      |                              ^~~~~~~~~~~~~~~~~~~~~~~~~~~~~~~~~~~~~~~~~~~~~~~~~~~~~~~~~~~~~~~~~~~~~~~~~~~~~~~~~~~~~~~~~~~
/workspace/flashnext-competition/strata/src/include/strata/hip_compat/cuda_runtime.h:95:25: note: expanded from macro 'cudaMemcpyAsync'
   95 | #define cudaMemcpyAsync hipMemcpyAsync
      |                         ^
/workspace/flashnext-competition/strata/src/src/prefill/prefill.cpp:2345:25: warning: ignoring return value of type 'hipError_t' declared with 'nodiscard' attribute [-Wunused-value]
 2345 |                         cudaStreamSynchronize(m.cs);
      |                         ^~~~~~~~~~~~~~~~~~~~~~~~~~~
/workspace/flashnext-competition/strata/src/include/strata/hip_compat/cuda_runtime.h:117:31: note: expanded from macro 'cudaStreamSynchronize'
  117 | #define cudaStreamSynchronize hipStreamSynchronize
      |                               ^
/workspace/flashnext-competition/strata/src/src/prefill/prefill.cpp:2349:41: warning: ignoring return value of type 'hipError_t' declared with 'nodiscard' attribute [-Wunused-value]
 2349 |                             int pd = 0; cudaGetDevice(&pd); cudaSetDevice(pe.dev); cudaStreamSynchronize(m.pp->s); pe.fold(); cudaSetDevice(pd);
      |                                         ^~~~~~~~~~~~~~~~~~
/workspace/flashnext-competition/strata/src/include/strata/hip_compat/cuda_runtime.h:50:23: note: expanded from macro 'cudaGetDevice'
   50 | #define cudaGetDevice hipGetDevice
      |                       ^
/workspace/flashnext-competition/strata/src/src/prefill/prefill.cpp:2349:61: warning: ignoring return value of type 'hipError_t' declared with 'nodiscard' attribute [-Wunused-value]
 2349 |                             int pd = 0; cudaGetDevice(&pd); cudaSetDevice(pe.dev); cudaStreamSynchronize(m.pp->s); pe.fold(); cudaSetDevice(pd);
      |                                                             ^~~~~~~~~~~~~~~~~~~~~
/workspace/flashnext-competition/strata/src/include/strata/hip_compat/cuda_runtime.h:105:23: note: expanded from macro 'cudaSetDevice'
  105 | #define cudaSetDevice hipSetDevice
      |                       ^
/workspace/flashnext-competition/strata/src/src/prefill/prefill.cpp:2349:84: warning: ignoring return value of type 'hipError_t' declared with 'nodiscard' attribute [-Wunused-value]
 2349 |                             int pd = 0; cudaGetDevice(&pd); cudaSetDevice(pe.dev); cudaStreamSynchronize(m.pp->s); pe.fold(); cudaSetDevice(pd);
      |                                                                                    ^~~~~~~~~~~~~~~~~~~~~~~~~~~~~~
/workspace/flashnext-competition/strata/src/include/strata/hip_compat/cuda_runtime.h:117:31: note: expanded from macro 'cudaStreamSynchronize'
  117 | #define cudaStreamSynchronize hipStreamSynchronize
      |                               ^
/workspace/flashnext-competition/strata/src/src/prefill/prefill.cpp:2349:127: warning: ignoring return value of type 'hipError_t' declared with 'nodiscard' attribute [-Wunused-value]
 2349 |                             int pd = 0; cudaGetDevice(&pd); cudaSetDevice(pe.dev); cudaStreamSynchronize(m.pp->s); pe.fold(); cudaSetDevice(pd);
      |                                                                                                                               ^~~~~~~~~~~~~~~~~
/workspace/flashnext-competition/strata/src/include/strata/hip_compat/cuda_runtime.h:105:23: note: expanded from macro 'cudaSetDevice'
  105 | #define cudaSetDevice hipSetDevice
      |                       ^
/workspace/flashnext-competition/strata/src/src/prefill/prefill.cpp:2400:29: warning: ignoring return value of type 'hipError_t' declared with 'nodiscard' attribute [-Wunused-value]
 2400 |                             cudaMemcpyAsync(m.slot_dev, m.slot_host.data(), (size_t) T * K * 4, cudaMemcpyHostToDevice, m.cs);
      |                             ^~~~~~~~~~~~~~~~~~~~~~~~~~~~~~~~~~~~~~~~~~~~~~~~~~~~~~~~~~~~~~~~~~~~~~~~~~~~~~~~~~~~~~~~~~~~~~~~~
/workspace/flashnext-competition/strata/src/include/strata/hip_compat/cuda_runtime.h:95:25: note: expanded from macro 'cudaMemcpyAsync'
   95 | #define cudaMemcpyAsync hipMemcpyAsync
      |                         ^
/workspace/flashnext-competition/strata/src/src/prefill/prefill.cpp:2401:29: warning: ignoring return value of type 'hipError_t' declared with 'nodiscard' attribute [-Wunused-value]
 2401 |                             cudaMemcpyAsync(m.src_dev, m.src_host.data(), (size_t) T * K * 4, cudaMemcpyHostToDevice, m.cs);
      |                             ^~~~~~~~~~~~~~~~~~~~~~~~~~~~~~~~~~~~~~~~~~~~~~~~~~~~~~~~~~~~~~~~~~~~~~~~~~~~~~~~~~~~~~~~~~~~~~~
/workspace/flashnext-competition/strata/src/include/strata/hip_compat/cuda_runtime.h:95:25: note: expanded from macro 'cudaMemcpyAsync'
   95 | #define cudaMemcpyAsync hipMemcpyAsync
      |                         ^
/workspace/flashnext-competition/strata/src/src/prefill/prefill.cpp:2432:33: warning: ignoring return value of type 'hipError_t' declared with 'nodiscard' attribute [-Wunused-value]
 2432 |                                 cudaMemcpyAsync(m.bounds_dev, m.bounds_host.data(), m.bounds_host.size() * 4,
      |                                 ^~~~~~~~~~~~~~~~~~~~~~~~~~~~~~~~~~~~~~~~~~~~~~~~~~~~~~~~~~~~~~~~~~~~~~~~~~~~~
 2433 |                                                 cudaMemcpyHostToDevice, m.cs);
      |                                                 ~~~~~~~~~~~~~~~~~~~~~~~~~~~~~
/workspace/flashnext-competition/strata/src/include/strata/hip_compat/cuda_runtime.h:95:25: note: expanded from macro 'cudaMemcpyAsync'
   95 | #define cudaMemcpyAsync hipMemcpyAsync
      |                         ^
/workspace/flashnext-competition/strata/src/src/prefill/prefill.cpp:2442:41: warning: ignoring return value of type 'hipError_t' declared with 'nodiscard' attribute [-Wunused-value]
 2442 |                             if (!P.p2p) cudaMemcpyAsync(P.host_x, m.mixed, (size_t) T * N * 4, cudaMemcpyDeviceToHost, m.cs);
      |                                         ^~~~~~~~~~~~~~~~~~~~~~~~~~~~~~~~~~~~~~~~~~~~~~~~~~~~~~~~~~~~~~~~~~~~~~~~~~~~~~~~~~~~
/workspace/flashnext-competition/strata/src/include/strata/hip_compat/cuda_runtime.h:95:25: note: expanded from macro 'cudaMemcpyAsync'
   95 | #define cudaMemcpyAsync hipMemcpyAsync
      |                         ^
/workspace/flashnext-competition/strata/src/src/prefill/prefill.cpp:2443:29: warning: ignoring return value of type 'hipError_t' declared with 'nodiscard' attribute [-Wunused-value]
 2443 |                             cudaEventRecord(P.ev_in, m.cs);
      |                             ^~~~~~~~~~~~~~~~~~~~~~~~~~~~~~
/workspace/flashnext-competition/strata/src/include/strata/hip_compat/cuda_runtime.h:39:25: note: expanded from macro 'cudaEventRecord'
   39 | #define cudaEventRecord hipEventRecord
      |                         ^
/workspace/flashnext-competition/strata/src/src/prefill/prefill.cpp:2445:29: warning: ignoring return value of type 'hipError_t' declared with 'nodiscard' attribute [-Wunused-value]
 2445 |                             cudaGetDevice(&prevd);
      |                             ^~~~~~~~~~~~~~~~~~~~~
/workspace/flashnext-competition/strata/src/include/strata/hip_compat/cuda_runtime.h:50:23: note: expanded from macro 'cudaGetDevice'
   50 | #define cudaGetDevice hipGetDevice
      |                       ^
/workspace/flashnext-competition/strata/src/src/prefill/prefill.cpp:2446:29: warning: ignoring return value of type 'hipError_t' declared with 'nodiscard' attribute [-Wunused-value]
 2446 |                             cudaSetDevice(P.dev);
      |                             ^~~~~~~~~~~~~~~~~~~~
/workspace/flashnext-competition/strata/src/include/strata/hip_compat/cuda_runtime.h:105:23: note: expanded from macro 'cudaSetDevice'
  105 | #define cudaSetDevice hipSetDevice
      |                       ^
/workspace/flashnext-competition/strata/src/src/prefill/prefill.cpp:2448:29: warning: ignoring return value of type 'hipError_t' declared with 'nodiscard' attribute [-Wunused-value]
 2448 |                             cudaStreamWaitEvent(ps, P.ev_in, 0);
      |                             ^~~~~~~~~~~~~~~~~~~~~~~~~~~~~~~~~~~
/workspace/flashnext-competition/strata/src/include/strata/hip_compat/cuda_runtime.h:118:29: note: expanded from macro 'cudaStreamWaitEvent'
  118 | #define cudaStreamWaitEvent hipStreamWaitEvent
      |                             ^
/workspace/flashnext-competition/strata/src/src/prefill/prefill.cpp:2449:50: warning: ignoring return value of type 'hipError_t' declared with 'nodiscard' attribute [-Wunused-value]
 2449 |                             if (P.out_pending) { cudaStreamWaitEvent(ps, P.ev_done, 0); P.out_pending = false; }
      |                                                  ^~~~~~~~~~~~~~~~~~~~~~~~~~~~~~~~~~~~~
/workspace/flashnext-competition/strata/src/include/strata/hip_compat/cuda_runtime.h:118:29: note: expanded from macro 'cudaStreamWaitEvent'
  118 | #define cudaStreamWaitEvent hipStreamWaitEvent
      |                             ^
/workspace/flashnext-competition/strata/src/src/prefill/prefill.cpp:2451:40: warning: ignoring return value of type 'hipError_t' declared with 'nodiscard' attribute [-Wunused-value]
 2451 |                             if (P.p2p) cudaMemcpyPeerAsync(P.mixed, P.dev, m.mixed, prevd, (size_t) T * N * 4, ps);
      |                                        ^~~~~~~~~~~~~~~~~~~~~~~~~~~~~~~~~~~~~~~~~~~~~~~~~~~~~~~~~~~~~~~~~~~~~~~~~~~
/workspace/flashnext-competition/strata/src/include/strata/hip_compat/cuda_runtime.h:96:29: note: expanded from macro 'cudaMemcpyPeerAsync'
   96 | #define cudaMemcpyPeerAsync hipMemcpyPeerAsync
      |                             ^
/workspace/flashnext-competition/strata/src/src/prefill/prefill.cpp:2456:33: warning: ignoring return value of type 'hipError_t' declared with 'nodiscard' attribute [-Wunused-value]
 2456 |                                 cudaMemcpyAsync(P.src, src_h + rows_local,   // multi-GPU: the mapped table when on
      |                                 ^~~~~~~~~~~~~~~~~~~~~~~~~~~~~~~~~~~~~~~~~~~~~~~~~~~~~~~~~~~~~~~~~~~~~~~~~~~~~~~~~~~
 2457 |                                                 (size_t) rows_peer * 4, cudaMemcpyHostToDevice, ps);
      |                                                 ~~~~~~~~~~~~~~~~~~~~~~~~~~~~~~~~~~~~~~~~~~~~~~~~~~~
/workspace/flashnext-competition/strata/src/include/strata/hip_compat/cuda_runtime.h:95:25: note: expanded from macro 'cudaMemcpyAsync'
   95 | #define cudaMemcpyAsync hipMemcpyAsync
      |                         ^
/workspace/flashnext-competition/strata/src/src/prefill/prefill.cpp:2486:37: warning: ignoring return value of type 'hipError_t' declared with 'nodiscard' attribute [-Wunused-value]
 2486 |                                     cudaMemcpyAsync(P.bounds, P.bounds_host.data(), P.bounds_host.size() * 4, cudaMemcpyHostToDevice, ps);
      |                                     ^~~~~~~~~~~~~~~~~~~~~~~~~~~~~~~~~~~~~~~~~~~~~~~~~~~~~~~~~~~~~~~~~~~~~~~~~~~~~~~~~~~~~~~~~~~~~~~~~~~~~
/workspace/flashnext-competition/strata/src/include/strata/hip_compat/cuda_runtime.h:95:25: note: expanded from macro 'cudaMemcpyAsync'
   95 | #define cudaMemcpyAsync hipMemcpyAsync
      |                         ^
/workspace/flashnext-competition/strata/src/src/prefill/prefill.cpp:2506:49: warning: ignoring return value of type 'hipError_t' declared with 'nodiscard' attribute [-Wunused-value]
 2506 |                                                 cudaSetDevice(prevd);
      |                                                 ^~~~~~~~~~~~~~~~~~~~
/workspace/flashnext-competition/strata/src/include/strata/hip_compat/cuda_runtime.h:105:23: note: expanded from macro 'cudaSetDevice'
  105 | #define cudaSetDevice hipSetDevice
      |                       ^
/workspace/flashnext-competition/strata/src/src/prefill/prefill.cpp:2510:45: warning: ignoring return value of type 'hipError_t' declared with 'nodiscard' attribute [-Wunused-value]
 2510 |                                             cudaStreamWaitEvent(ps, P.pcopied[(size_t) psl], 0);
      |                                             ^~~~~~~~~~~~~~~~~~~~~~~~~~~~~~~~~~~~~~~~~~~~~~~~~~~
/workspace/flashnext-competition/strata/src/include/strata/hip_compat/cuda_runtime.h:118:29: note: expanded from macro 'cudaStreamWaitEvent'
  118 | #define cudaStreamWaitEvent hipStreamWaitEvent
      |                             ^
/workspace/flashnext-competition/strata/src/src/prefill/prefill.cpp:2523:45: warning: ignoring return value of type 'hipError_t' declared with 'nodiscard' attribute [-Wunused-value]
 2523 |                                             cudaEventRecord(P.pused[(size_t) psl], ps);
      |                                             ^~~~~~~~~~~~~~~~~~~~~~~~~~~~~~~~~~~~~~~~~~
/workspace/flashnext-competition/strata/src/include/strata/hip_compat/cuda_runtime.h:39:25: note: expanded from macro 'cudaEventRecord'
   39 | #define cudaEventRecord hipEventRecord
      |                         ^
/workspace/flashnext-competition/strata/src/src/prefill/prefill.cpp:2531:37: warning: ignoring return value of type 'hipError_t' declared with 'nodiscard' attribute [-Wunused-value]
 2531 |                                     cudaMemsetAsync(P.grp_gu + (size_t) ngx * mmq_gub, 0, MMQ_TAIL, ps);
      |                                     ^~~~~~~~~~~~~~~~~~~~~~~~~~~~~~~~~~~~~~~~~~~~~~~~~~~~~~~~~~~~~~~~~~~
/workspace/flashnext-competition/strata/src/include/strata/hip_compat/cuda_runtime.h:102:25: note: expanded from macro 'cudaMemsetAsync'
  102 | #define cudaMemsetAsync hipMemsetAsync
      |                         ^
/workspace/flashnext-competition/strata/src/src/prefill/prefill.cpp:2532:37: warning: ignoring return value of type 'hipError_t' declared with 'nodiscard' attribute [-Wunused-value]
 2532 |                                     cudaMemsetAsync(P.grp_d + (size_t) ngx * mmq_db, 0, MMQ_TAIL, ps);
      |                                     ^~~~~~~~~~~~~~~~~~~~~~~~~~~~~~~~~~~~~~~~~~~~~~~~~~~~~~~~~~~~~~~~~
/workspace/flashnext-competition/strata/src/include/strata/hip_compat/cuda_runtime.h:102:25: note: expanded from macro 'cudaMemsetAsync'
  102 | #define cudaMemsetAsync hipMemsetAsync
      |                         ^
/workspace/flashnext-competition/strata/src/src/prefill/prefill.cpp:2542:55: warning: ignoring return value of type 'hipError_t' declared with 'nodiscard' attribute [-Wunused-value]
 2542 |                                     if (P.dm_live[b]) cudaStreamWaitEvent(ps, P.ev_dm[b], 0);   // its last rows have left
      |                                                       ^~~~~~~~~~~~~~~~~~~~~~~~~~~~~~~~~~~~~~
/workspace/flashnext-competition/strata/src/include/strata/hip_compat/cuda_runtime.h:118:29: note: expanded from macro 'cudaStreamWaitEvent'
  118 | #define cudaStreamWaitEvent hipStreamWaitEvent
      |                             ^
/workspace/flashnext-competition/strata/src/src/prefill/prefill.cpp:2549:37: warning: ignoring return value of type 'hipError_t' declared with 'nodiscard' attribute [-Wunused-value]
 2549 |                                     cudaEventRecord(P.ev_grp[g2 % PeerPrefill::kGrpEv], ps);
      |                                     ^~~~~~~~~~~~~~~~~~~~~~~~~~~~~~~~~~~~~~~~~~~~~~~~~~~~~~~
/workspace/flashnext-competition/strata/src/include/strata/hip_compat/cuda_runtime.h:39:25: note: expanded from macro 'cudaEventRecord'
   39 | #define cudaEventRecord hipEventRecord
      |                         ^
/workspace/flashnext-competition/strata/src/src/prefill/prefill.cpp:2550:37: warning: ignoring return value of type 'hipError_t' declared with 'nodiscard' attribute [-Wunused-value]
 2550 |                                     cudaStreamWaitEvent(P.s_out, P.ev_grp[g2 % PeerPrefill::kGrpEv], 0);
      |                                     ^~~~~~~~~~~~~~~~~~~~~~~~~~~~~~~~~~~~~~~~~~~~~~~~~~~~~~~~~~~~~~~~~~~
/workspace/flashnext-competition/strata/src/include/strata/hip_compat/cuda_runtime.h:118:29: note: expanded from macro 'cudaStreamWaitEvent'
  118 | #define cudaStreamWaitEvent hipStreamWaitEvent
      |                             ^
/workspace/flashnext-competition/strata/src/src/prefill/prefill.cpp:2552:41: warning: ignoring return value of type 'hipError_t' declared with 'nodiscard' attribute [-Wunused-value]
 2552 |                                         cudaMemcpyPeerAsync(m.Dm + (size_t) (rows_local + r0) * N, prevd, P.Dm_b[b], P.dev,
      |                                         ^~~~~~~~~~~~~~~~~~~~~~~~~~~~~~~~~~~~~~~~~~~~~~~~~~~~~~~~~~~~~~~~~~~~~~~~~~~~~~~~~~~
 2553 |                                                             (size_t) nr * N * 4, P.s_out);
      |                                                             ~~~~~~~~~~~~~~~~~~~~~~~~~~~~~
/workspace/flashnext-competition/strata/src/include/strata/hip_compat/cuda_runtime.h:96:29: note: expanded from macro 'cudaMemcpyPeerAsync'
   96 | #define cudaMemcpyPeerAsync hipMemcpyPeerAsync
      |                             ^
/workspace/flashnext-competition/strata/src/src/prefill/prefill.cpp:2555:41: warning: ignoring return value of type 'hipError_t' declared with 'nodiscard' attribute [-Wunused-value]
 2555 |                                         cudaMemcpyAsync(P.host_rows + (size_t) r0 * N, P.Dm_b[b], (size_t) nr * N * 4,
      |                                         ^~~~~~~~~~~~~~~~~~~~~~~~~~~~~~~~~~~~~~~~~~~~~~~~~~~~~~~~~~~~~~~~~~~~~~~~~~~~~~
 2556 |                                                         cudaMemcpyDeviceToHost, P.s_out);
      |                                                         ~~~~~~~~~~~~~~~~~~~~~~~~~~~~~~~~
/workspace/flashnext-competition/strata/src/include/strata/hip_compat/cuda_runtime.h:95:25: note: expanded from macro 'cudaMemcpyAsync'
   95 | #define cudaMemcpyAsync hipMemcpyAsync
      |                         ^
/workspace/flashnext-competition/strata/src/src/prefill/prefill.cpp:2557:37: warning: ignoring return value of type 'hipError_t' declared with 'nodiscard' attribute [-Wunused-value]
 2557 |                                     cudaEventRecord(P.ev_dm[b], P.s_out);
      |                                     ^~~~~~~~~~~~~~~~~~~~~~~~~~~~~~~~~~~~
/workspace/flashnext-competition/strata/src/include/strata/hip_compat/cuda_runtime.h:39:25: note: expanded from macro 'cudaEventRecord'
   39 | #define cudaEventRecord hipEventRecord
      |                         ^
/workspace/flashnext-competition/strata/src/src/prefill/prefill.cpp:2570:37: warning: ignoring return value of type 'hipError_t' declared with 'nodiscard' attribute [-Wunused-value]
 2570 |                                     cudaMemcpyAsync(P.bounds, P.bounds_host.data(), P.bounds_host.size() * 4, cudaMemcpyHostToDevice, ps);
      |                                     ^~~~~~~~~~~~~~~~~~~~~~~~~~~~~~~~~~~~~~~~~~~~~~~~~~~~~~~~~~~~~~~~~~~~~~~~~~~~~~~~~~~~~~~~~~~~~~~~~~~~~
/workspace/flashnext-competition/strata/src/include/strata/hip_compat/cuda_runtime.h:95:25: note: expanded from macro 'cudaMemcpyAsync'
   95 | #define cudaMemcpyAsync hipMemcpyAsync
      |                         ^
/workspace/flashnext-competition/strata/src/src/prefill/prefill.cpp:2593:37: warning: ignoring return value of type 'hipError_t' declared with 'nodiscard' attribute [-Wunused-value]
 2593 |                                     cudaMemsetAsync(P.grp_gu + (size_t) ngx * mmq_gub, 0, MMQ_TAIL, ps);
      |                                     ^~~~~~~~~~~~~~~~~~~~~~~~~~~~~~~~~~~~~~~~~~~~~~~~~~~~~~~~~~~~~~~~~~~
/workspace/flashnext-competition/strata/src/include/strata/hip_compat/cuda_runtime.h:102:25: note: expanded from macro 'cudaMemsetAsync'
  102 | #define cudaMemsetAsync hipMemsetAsync
      |                         ^
/workspace/flashnext-competition/strata/src/src/prefill/prefill.cpp:2594:37: warning: ignoring return value of type 'hipError_t' declared with 'nodiscard' attribute [-Wunused-value]
 2594 |                                     cudaMemsetAsync(P.grp_d + (size_t) ngx * mmq_db, 0, MMQ_TAIL, ps);
      |                                     ^~~~~~~~~~~~~~~~~~~~~~~~~~~~~~~~~~~~~~~~~~~~~~~~~~~~~~~~~~~~~~~~~
/workspace/flashnext-competition/strata/src/include/strata/hip_compat/cuda_runtime.h:102:25: note: expanded from macro 'cudaMemsetAsync'
  102 | #define cudaMemsetAsync hipMemsetAsync
      |                         ^
/workspace/flashnext-competition/strata/src/src/prefill/prefill.cpp:2609:41: warning: ignoring return value of type 'hipError_t' declared with 'nodiscard' attribute [-Wunused-value]
 2609 |                                         cudaEventRecord(P.ev_grp[g2], ps);
      |                                         ^~~~~~~~~~~~~~~~~~~~~~~~~~~~~~~~~
/workspace/flashnext-competition/strata/src/include/strata/hip_compat/cuda_runtime.h:39:25: note: expanded from macro 'cudaEventRecord'
   39 | #define cudaEventRecord hipEventRecord
      |                         ^
/workspace/flashnext-competition/strata/src/src/prefill/prefill.cpp:2610:41: warning: ignoring return value of type 'hipError_t' declared with 'nodiscard' attribute [-Wunused-value]
 2610 |                                         cudaStreamWaitEvent(P.s_out, P.ev_grp[g2], 0);
      |                                         ^~~~~~~~~~~~~~~~~~~~~~~~~~~~~~~~~~~~~~~~~~~~~
/workspace/flashnext-competition/strata/src/include/strata/hip_compat/cuda_runtime.h:118:29: note: expanded from macro 'cudaStreamWaitEvent'
  118 | #define cudaStreamWaitEvent hipStreamWaitEvent
      |                             ^
/workspace/flashnext-competition/strata/src/src/prefill/prefill.cpp:2611:41: warning: ignoring return value of type 'hipError_t' declared with 'nodiscard' attribute [-Wunused-value]
 2611 |                                         cudaMemcpyPeerAsync(m.Dm + (size_t) (rows_local + r0) * N, prevd, P.Dm + (size_t) r0 * N,
      |                                         ^~~~~~~~~~~~~~~~~~~~~~~~~~~~~~~~~~~~~~~~~~~~~~~~~~~~~~~~~~~~~~~~~~~~~~~~~~~~~~~~~~~~~~~~~
 2612 |                                                             P.dev, (size_t) nr * N * 4, P.s_out);
      |                                                             ~~~~~~~~~~~~~~~~~~~~~~~~~~~~~~~~~~~~
/workspace/flashnext-competition/strata/src/include/strata/hip_compat/cuda_runtime.h:96:29: note: expanded from macro 'cudaMemcpyPeerAsync'
   96 | #define cudaMemcpyPeerAsync hipMemcpyPeerAsync
      |                             ^
/workspace/flashnext-competition/strata/src/src/prefill/prefill.cpp:2618:33: warning: ignoring return value of type 'hipError_t' declared with 'nodiscard' attribute [-Wunused-value]
 2618 |                                 cudaEventRecord(P.ev_done, P.s_out);
      |                                 ^~~~~~~~~~~~~~~~~~~~~~~~~~~~~~~~~~~
/workspace/flashnext-competition/strata/src/include/strata/hip_compat/cuda_runtime.h:39:25: note: expanded from macro 'cudaEventRecord'
   39 | #define cudaEventRecord hipEventRecord
      |                         ^
/workspace/flashnext-competition/strata/src/src/prefill/prefill.cpp:2621:33: warning: ignoring return value of type 'hipError_t' declared with 'nodiscard' attribute [-Wunused-value]
 2621 |                                 cudaMemcpyPeerAsync(m.Dm + (size_t) rows_local * N, prevd, P.Dm, P.dev, (size_t) rows_peer * N * 4, ps);
      |                                 ^~~~~~~~~~~~~~~~~~~~~~~~~~~~~~~~~~~~~~~~~~~~~~~~~~~~~~~~~~~~~~~~~~~~~~~~~~~~~~~~~~~~~~~~~~~~~~~~~~~~~~~
/workspace/flashnext-competition/strata/src/include/strata/hip_compat/cuda_runtime.h:96:29: note: expanded from macro 'cudaMemcpyPeerAsync'
   96 | #define cudaMemcpyPeerAsync hipMemcpyPeerAsync
      |                             ^
/workspace/flashnext-competition/strata/src/src/prefill/prefill.cpp:2622:33: warning: ignoring return value of type 'hipError_t' declared with 'nodiscard' attribute [-Wunused-value]
 2622 |                                 cudaEventRecord(P.ev_done, ps);
      |                                 ^~~~~~~~~~~~~~~~~~~~~~~~~~~~~~
/workspace/flashnext-competition/strata/src/include/strata/hip_compat/cuda_runtime.h:39:25: note: expanded from macro 'cudaEventRecord'
   39 | #define cudaEventRecord hipEventRecord
      |                         ^
/workspace/flashnext-competition/strata/src/src/prefill/prefill.cpp:2625:29: warning: ignoring return value of type 'hipError_t' declared with 'nodiscard' attribute [-Wunused-value]
 2625 |                             cudaSetDevice(prevd);
      |                             ^~~~~~~~~~~~~~~~~~~~
/workspace/flashnext-competition/strata/src/include/strata/hip_compat/cuda_runtime.h:105:23: note: expanded from macro 'cudaSetDevice'
  105 | #define cudaSetDevice hipSetDevice
      |                       ^
/workspace/flashnext-competition/strata/src/src/prefill/prefill.cpp:2632:29: warning: ignoring return value of type 'hipError_t' declared with 'nodiscard' attribute [-Wunused-value]
 2632 |                             cudaGetDevice(&pd);
      |                             ^~~~~~~~~~~~~~~~~~
/workspace/flashnext-competition/strata/src/include/strata/hip_compat/cuda_runtime.h:50:23: note: expanded from macro 'cudaGetDevice'
   50 | #define cudaGetDevice hipGetDevice
      |                       ^
/workspace/flashnext-competition/strata/src/src/prefill/prefill.cpp:2633:29: warning: ignoring return value of type 'hipError_t' declared with 'nodiscard' attribute [-Wunused-value]
 2633 |                             cudaSetDevice(m.pp->dev);
      |                             ^~~~~~~~~~~~~~~~~~~~~~~~
/workspace/flashnext-competition/strata/src/include/strata/hip_compat/cuda_runtime.h:105:23: note: expanded from macro 'cudaSetDevice'
  105 | #define cudaSetDevice hipSetDevice
      |                       ^
/workspace/flashnext-competition/strata/src/src/prefill/prefill.cpp:2635:29: warning: ignoring return value of type 'hipError_t' declared with 'nodiscard' attribute [-Wunused-value]
 2635 |                             cudaSetDevice(pd);
      |                             ^~~~~~~~~~~~~~~~~
/workspace/flashnext-competition/strata/src/include/strata/hip_compat/cuda_runtime.h:105:23: note: expanded from macro 'cudaSetDevice'
  105 | #define cudaSetDevice hipSetDevice
      |                       ^
/workspace/flashnext-competition/strata/src/src/prefill/prefill.cpp:2672:55: warning: ignoring return value of type 'hipError_t' declared with 'nodiscard' attribute [-Wunused-value]
 2672 |                                 if (m.stage_live[sl]) cudaStreamWaitEvent(m.copy, m.used[m.used_of[sl]], 0);
      |                                                       ^~~~~~~~~~~~~~~~~~~~~~~~~~~~~~~~~~~~~~~~~~~~~~~~~~~~~
/workspace/flashnext-competition/strata/src/include/strata/hip_compat/cuda_runtime.h:118:29: note: expanded from macro 'cudaStreamWaitEvent'
  118 | #define cudaStreamWaitEvent hipStreamWaitEvent
      |                             ^
/workspace/flashnext-competition/strata/src/src/prefill/prefill.cpp:2673:33: warning: ignoring return value of type 'hipError_t' declared with 'nodiscard' attribute [-Wunused-value]
 2673 |                                 cudaMemcpyAsync(m.stage_dev[sl], b, (size_t) lay.blob_bytes(l), cudaMemcpyHostToDevice, m.copy);
      |                                 ^~~~~~~~~~~~~~~~~~~~~~~~~~~~~~~~~~~~~~~~~~~~~~~~~~~~~~~~~~~~~~~~~~~~~~~~~~~~~~~~~~~~~~~~~~~~~~~
/workspace/flashnext-competition/strata/src/include/strata/hip_compat/cuda_runtime.h:95:25: note: expanded from macro 'cudaMemcpyAsync'
   95 | #define cudaMemcpyAsync hipMemcpyAsync
      |                         ^
/workspace/flashnext-competition/strata/src/src/prefill/prefill.cpp:2678:55: warning: ignoring return value of type 'hipError_t' declared with 'nodiscard' attribute [-Wunused-value]
 2678 |                                 if (m.stage_live[sl]) cudaStreamWaitEvent(m.copy, m.used[m.used_of[sl]], 0);
      |                                                       ^~~~~~~~~~~~~~~~~~~~~~~~~~~~~~~~~~~~~~~~~~~~~~~~~~~~~
/workspace/flashnext-competition/strata/src/include/strata/hip_compat/cuda_runtime.h:118:29: note: expanded from macro 'cudaStreamWaitEvent'
  118 | #define cudaStreamWaitEvent hipStreamWaitEvent
      |                             ^
/workspace/flashnext-competition/strata/src/src/prefill/prefill.cpp:2679:33: warning: ignoring return value of type 'hipError_t' declared with 'nodiscard' attribute [-Wunused-value]
 2679 |                                 cudaMemcpyAsync(m.stage_dev[sl], hb, (size_t) lay.blob_bytes(l), cudaMemcpyHostToDevice, m.copy);
      |                                 ^~~~~~~~~~~~~~~~~~~~~~~~~~~~~~~~~~~~~~~~~~~~~~~~~~~~~~~~~~~~~~~~~~~~~~~~~~~~~~~~~~~~~~~~~~~~~~~~
/workspace/flashnext-competition/strata/src/include/strata/hip_compat/cuda_runtime.h:95:25: note: expanded from macro 'cudaMemcpyAsync'
   95 | #define cudaMemcpyAsync hipMemcpyAsync
      |                         ^
/workspace/flashnext-competition/strata/src/src/prefill/prefill.cpp:2682:29: warning: ignoring return value of type 'hipError_t' declared with 'nodiscard' attribute [-Wunused-value]
 2682 |                             cudaEventRecord(m.copied[sl], m.copy);
      |                             ^~~~~~~~~~~~~~~~~~~~~~~~~~~~~~~~~~~~~
/workspace/flashnext-competition/strata/src/include/strata/hip_compat/cuda_runtime.h:39:25: note: expanded from macro 'cudaEventRecord'
   39 | #define cudaEventRecord hipEventRecord
      |                         ^
/workspace/flashnext-competition/strata/src/src/prefill/prefill.cpp:2710:33: warning: ignoring return value of type 'hipError_t' declared with 'nodiscard' attribute [-Wunused-value]
 2710 |                                 cudaStreamWaitEvent(m.cs, m.copied[gg_slots[gg_nslots - 1]], 0);
      |                                 ^~~~~~~~~~~~~~~~~~~~~~~~~~~~~~~~~~~~~~~~~~~~~~~~~~~~~~~~~~~~~~~
/workspace/flashnext-competition/strata/src/include/strata/hip_compat/cuda_runtime.h:118:29: note: expanded from macro 'cudaStreamWaitEvent'
  118 | #define cudaStreamWaitEvent hipStreamWaitEvent
      |                             ^
/workspace/flashnext-competition/strata/src/src/prefill/prefill.cpp:2723:33: warning: ignoring return value of type 'hipError_t' declared with 'nodiscard' attribute [-Wunused-value]
 2723 |                                 cudaEventRecord(m.used[rel], m.cs);
      |                                 ^~~~~~~~~~~~~~~~~~~~~~~~~~~~~~~~~~
/workspace/flashnext-competition/strata/src/include/strata/hip_compat/cuda_runtime.h:39:25: note: expanded from macro 'cudaEventRecord'
   39 | #define cudaEventRecord hipEventRecord
      |                         ^
/workspace/flashnext-competition/strata/src/src/prefill/prefill.cpp:2751:67: warning: ignoring return value of type 'hipError_t' declared with 'nodiscard' attribute [-Wunused-value]
 2751 |                                 if (slot >= 0 && !group_gather) { cudaEventRecord(m.used[slot], m.cs); m.used_of[slot] = slot; }
      |                                                                   ^~~~~~~~~~~~~~~~~~~~~~~~~~~~~~~~~~~
/workspace/flashnext-competition/strata/src/include/strata/hip_compat/cuda_runtime.h:39:25: note: expanded from macro 'cudaEventRecord'
   39 | #define cudaEventRecord hipEventRecord
      |                         ^
/workspace/flashnext-competition/strata/src/src/prefill/prefill.cpp:2761:33: warning: ignoring return value of type 'hipError_t' declared with 'nodiscard' attribute [-Wunused-value]
 2761 |                                 cudaMemsetAsync(m.grp_gu + (size_t) ngx * mmq_gub, 0, MMQ_TAIL, m.cs);
      |                                 ^~~~~~~~~~~~~~~~~~~~~~~~~~~~~~~~~~~~~~~~~~~~~~~~~~~~~~~~~~~~~~~~~~~~~
/workspace/flashnext-competition/strata/src/include/strata/hip_compat/cuda_runtime.h:102:25: note: expanded from macro 'cudaMemsetAsync'
  102 | #define cudaMemsetAsync hipMemsetAsync
      |                         ^
/workspace/flashnext-competition/strata/src/src/prefill/prefill.cpp:2762:33: warning: ignoring return value of type 'hipError_t' declared with 'nodiscard' attribute [-Wunused-value]
 2762 |                                 cudaMemsetAsync(m.grp_d + (size_t) ngx * mmq_db, 0, MMQ_TAIL, m.cs);
      |                                 ^~~~~~~~~~~~~~~~~~~~~~~~~~~~~~~~~~~~~~~~~~~~~~~~~~~~~~~~~~~~~~~~~~~
/workspace/flashnext-competition/strata/src/include/strata/hip_compat/cuda_runtime.h:102:25: note: expanded from macro 'cudaMemsetAsync'
  102 | #define cudaMemsetAsync hipMemsetAsync
      |                         ^
/workspace/flashnext-competition/strata/src/src/prefill/prefill.cpp:2789:46: warning: ignoring return value of type 'hipError_t' declared with 'nodiscard' attribute [-Wunused-value]
 2789 |                             if (slot >= 0) { cudaEventRecord(m.used[slot], m.cs); m.used_of[slot] = slot; }
      |                                              ^~~~~~~~~~~~~~~~~~~~~~~~~~~~~~~~~~~
/workspace/flashnext-competition/strata/src/include/strata/hip_compat/cuda_runtime.h:39:25: note: expanded from macro 'cudaEventRecord'
   39 | #define cudaEventRecord hipEventRecord
      |                         ^
/workspace/flashnext-competition/strata/src/src/prefill/prefill.cpp:2812:37: warning: ignoring return value of type 'hipError_t' declared with 'nodiscard' attribute [-Wunused-value]
 2812 |                                     cudaStreamWaitEvent(m.cs, m.copied[stage_of[j]], 0);
      |                                     ^~~~~~~~~~~~~~~~~~~~~~~~~~~~~~~~~~~~~~~~~~~~~~~~~~~
/workspace/flashnext-competition/strata/src/include/strata/hip_compat/cuda_runtime.h:118:29: note: expanded from macro 'cudaStreamWaitEvent'
  118 | #define cudaStreamWaitEvent hipStreamWaitEvent
      |                             ^
/workspace/flashnext-competition/strata/src/src/prefill/prefill.cpp:2825:37: warning: ignoring return value of type 'hipError_t' declared with 'nodiscard' attribute [-Wunused-value]
 2825 |                                     cudaEventRecord(m.used[sl], m.cs);
      |                                     ^~~~~~~~~~~~~~~~~~~~~~~~~~~~~~~~~
/workspace/flashnext-competition/strata/src/include/strata/hip_compat/cuda_runtime.h:39:25: note: expanded from macro 'cudaEventRecord'
   39 | #define cudaEventRecord hipEventRecord
      |                         ^
/workspace/flashnext-competition/strata/src/src/prefill/prefill.cpp:2839:41: warning: ignoring return value of type 'hipError_t' declared with 'nodiscard' attribute [-Wunused-value]
 2839 |                                         cudaStreamWaitEvent(m.cs, m.copied[sl], 0);
      |                                         ^~~~~~~~~~~~~~~~~~~~~~~~~~~~~~~~~~~~~~~~~~
/workspace/flashnext-competition/strata/src/include/strata/hip_compat/cuda_runtime.h:118:29: note: expanded from macro 'cudaStreamWaitEvent'
  118 | #define cudaStreamWaitEvent hipStreamWaitEvent
      |                             ^
/workspace/flashnext-competition/strata/src/src/prefill/prefill.cpp:2859:25: warning: ignoring return value of type 'hipError_t' declared with 'nodiscard' attribute [-Wunused-value]
 2859 |                         cudaStreamWaitEvent(m.cs, m.pp->ev_done, 0);
      |                         ^~~~~~~~~~~~~~~~~~~~~~~~~~~~~~~~~~~~~~~~~~~
/workspace/flashnext-competition/strata/src/include/strata/hip_compat/cuda_runtime.h:118:29: note: expanded from macro 'cudaStreamWaitEvent'
  118 | #define cudaStreamWaitEvent hipStreamWaitEvent
      |                             ^
/workspace/flashnext-competition/strata/src/src/prefill/prefill.cpp:2866:25: warning: ignoring return value of type 'hipError_t' declared with 'nodiscard' attribute [-Wunused-value]
 2866 |                         cudaStreamSynchronize(m.cs);
      |                         ^~~~~~~~~~~~~~~~~~~~~~~~~~~
/workspace/flashnext-competition/strata/src/include/strata/hip_compat/cuda_runtime.h:117:31: note: expanded from macro 'cudaStreamSynchronize'
  117 | #define cudaStreamSynchronize hipStreamSynchronize
      |                               ^
/workspace/flashnext-competition/strata/src/src/prefill/prefill.cpp:2869:29: warning: ignoring return value of type 'hipError_t' declared with 'nodiscard' attribute [-Wunused-value]
 2869 |                             cudaMemcpy(h.data(), d, (size_t) n * 4, cudaMemcpyDeviceToHost);
      |                             ^~~~~~~~~~~~~~~~~~~~~~~~~~~~~~~~~~~~~~~~~~~~~~~~~~~~~~~~~~~~~~~
/workspace/flashnext-competition/strata/src/include/strata/hip_compat/cuda_runtime.h:93:20: note: expanded from macro 'cudaMemcpy'
   93 | #define cudaMemcpy hipMemcpy
      |                    ^
/workspace/flashnext-competition/strata/src/src/prefill/prefill.cpp:2943:13: warning: ignoring return value of type 'hipError_t' declared with 'nodiscard' attribute [-Wunused-value]
 2943 |             cudaStreamSynchronize(m.cs);                                  // position (A/B quality of this path)
      |             ^~~~~~~~~~~~~~~~~~~~~~~~~~~
/workspace/flashnext-competition/strata/src/include/strata/hip_compat/cuda_runtime.h:117:31: note: expanded from macro 'cudaStreamSynchronize'
  117 | #define cudaStreamSynchronize hipStreamSynchronize
      |                               ^
/workspace/flashnext-competition/strata/src/src/prefill/prefill.cpp:2947:21: warning: ignoring return value of type 'hipError_t' declared with 'nodiscard' attribute [-Wunused-value]
 2947 |                     cudaMemcpy(row.data(), m.R + t * D, (size_t) D * 4, cudaMemcpyDeviceToHost);
      |                     ^~~~~~~~~~~~~~~~~~~~~~~~~~~~~~~~~~~~~~~~~~~~~~~~~~~~~~~~~~~~~~~~~~~~~~~~~~~
/workspace/flashnext-competition/strata/src/include/strata/hip_compat/cuda_runtime.h:93:20: note: expanded from macro 'cudaMemcpy'
   93 | #define cudaMemcpy hipMemcpy
      |                    ^
/workspace/flashnext-competition/strata/src/src/prefill/prefill.cpp:2973:9: warning: ignoring return value of type 'hipError_t' declared with 'nodiscard' attribute [-Wunused-value]
 2973 |         cudaStreamSynchronize(m.cs);
      |         ^~~~~~~~~~~~~~~~~~~~~~~~~~~
/workspace/flashnext-competition/strata/src/include/strata/hip_compat/cuda_runtime.h:117:31: note: expanded from macro 'cudaStreamSynchronize'
  117 | #define cudaStreamSynchronize hipStreamSynchronize
      |                               ^
/workspace/flashnext-competition/strata/src/src/prefill/prefill.cpp:2976:13: warning: ignoring return value of type 'hipError_t' declared with 'nodiscard' attribute [-Wunused-value]
 2976 |             cudaMemcpy(h.data(), d, (size_t) n * 4, cudaMemcpyDeviceToHost);
      |             ^~~~~~~~~~~~~~~~~~~~~~~~~~~~~~~~~~~~~~~~~~~~~~~~~~~~~~~~~~~~~~~
/workspace/flashnext-competition/strata/src/include/strata/hip_compat/cuda_runtime.h:93:20: note: expanded from macro 'cudaMemcpy'
   93 | #define cudaMemcpy hipMemcpy
      |                    ^
/workspace/flashnext-competition/strata/src/src/prefill/prefill.cpp:3017:25: warning: ignoring return value of type 'hipError_t' declared with 'nodiscard' attribute [-Wunused-value]
 3017 |             int pd = 0; cudaGetDevice(&pd); cudaSetDevice(pe.dev); cudaStreamSynchronize(m.pp->s); pe.fold(); cudaSetDevice(pd);
      |                         ^~~~~~~~~~~~~~~~~~
/workspace/flashnext-competition/strata/src/include/strata/hip_compat/cuda_runtime.h:50:23: note: expanded from macro 'cudaGetDevice'
   50 | #define cudaGetDevice hipGetDevice
      |                       ^
/workspace/flashnext-competition/strata/src/src/prefill/prefill.cpp:3017:45: warning: ignoring return value of type 'hipError_t' declared with 'nodiscard' attribute [-Wunused-value]
 3017 |             int pd = 0; cudaGetDevice(&pd); cudaSetDevice(pe.dev); cudaStreamSynchronize(m.pp->s); pe.fold(); cudaSetDevice(pd);
      |                                             ^~~~~~~~~~~~~~~~~~~~~
/workspace/flashnext-competition/strata/src/include/strata/hip_compat/cuda_runtime.h:105:23: note: expanded from macro 'cudaSetDevice'
  105 | #define cudaSetDevice hipSetDevice
      |                       ^
/workspace/flashnext-competition/strata/src/src/prefill/prefill.cpp:3017:68: warning: ignoring return value of type 'hipError_t' declared with 'nodiscard' attribute [-Wunused-value]
 3017 |             int pd = 0; cudaGetDevice(&pd); cudaSetDevice(pe.dev); cudaStreamSynchronize(m.pp->s); pe.fold(); cudaSetDevice(pd);
      |                                                                    ^~~~~~~~~~~~~~~~~~~~~~~~~~~~~~
/workspace/flashnext-competition/strata/src/include/strata/hip_compat/cuda_runtime.h:117:31: note: expanded from macro 'cudaStreamSynchronize'
  117 | #define cudaStreamSynchronize hipStreamSynchronize
      |                               ^
/workspace/flashnext-competition/strata/src/src/prefill/prefill.cpp:3017:111: warning: ignoring return value of type 'hipError_t' declared with 'nodiscard' attribute [-Wunused-value]
 3017 |             int pd = 0; cudaGetDevice(&pd); cudaSetDevice(pe.dev); cudaStreamSynchronize(m.pp->s); pe.fold(); cudaSetDevice(pd);
      |                                                                                                               ^~~~~~~~~~~~~~~~~
/workspace/flashnext-competition/strata/src/include/strata/hip_compat/cuda_runtime.h:105:23: note: expanded from macro 'cudaSetDevice'
  105 | #define cudaSetDevice hipSetDevice
      |                       ^
/workspace/flashnext-competition/strata/src/src/prefill/prefill.cpp:3033:9: warning: ignoring return value of type 'hipError_t' declared with 'nodiscard' attribute [-Wunused-value]
 3033 |         cudaStreamSynchronize(m.cs);
      |         ^~~~~~~~~~~~~~~~~~~~~~~~~~~
/workspace/flashnext-competition/strata/src/include/strata/hip_compat/cuda_runtime.h:117:31: note: expanded from macro 'cudaStreamSynchronize'
  117 | #define cudaStreamSynchronize hipStreamSynchronize
      |                               ^
/workspace/flashnext-competition/strata/src/src/prefill/prefill.cpp:3038:13: warning: ignoring return value of type 'hipError_t' declared with 'nodiscard' attribute [-Wunused-value]
 3038 |             cudaMemcpy(b.data(), ss.gdn_state + (size_t) i * gdn_floats, b.size(), cudaMemcpyDeviceToHost);
      |             ^~~~~~~~~~~~~~~~~~~~~~~~~~~~~~~~~~~~~~~~~~~~~~~~~~~~~~~~~~~~~~~~~~~~~~~~~~~~~~~~~~~~~~~~~~~~~~
/workspace/flashnext-competition/strata/src/include/strata/hip_compat/cuda_runtime.h:93:20: note: expanded from macro 'cudaMemcpy'
   93 | #define cudaMemcpy hipMemcpy
      |                    ^
164 warnings generated.
[33/42] Linking HIP executable hip_router_fast
[34/42] Linking HIP executable hip_prompt_attn_wmma
[35/42] Building CXX object CMakeFiles/hip_prefill_mmq_parity.dir/tests/hip/prefill_mmq_parity.cpp.o
/workspace/flashnext-competition/strata/src/tests/hip/prefill_mmq_parity.cpp:36:30: warning: ignoring return value of type 'hipError_t' declared with 'nodiscard' attribute [-Wunused-value]
   36 |     ~DeviceBuffer() { if (p) hipFree(p); }
      |                              ^~~~~~~~~~
1 warning generated.
[36/42] Building HIP object CMakeFiles/strata_mmq.dir/workspace/flashnext-competition/strata/ggml-source/ggml/src/ggml-cuda/template-instances/mmq-instance-q8_0.cu.o
[37/42] Linking HIP static library libstrata_mmq.a
[38/42] Linking HIP static library libstrata_prefill.a
[39/42] Linking HIP executable hip_prefill_mmq_parity
[40/42] Building CXX object CMakeFiles/strata.dir/src/program/generate.cpp.o
In file included from /workspace/flashnext-competition/strata/src/src/program/generate.cpp:23:
/workspace/flashnext-competition/strata/src/include/strata/core/expert_source.hpp:672:13: warning: 'reads' overrides a member function but is not marked 'override' [-Winconsistent-missing-override]
  672 |     int64_t reads() const { return reads_; }
      |             ^
/workspace/flashnext-competition/strata/src/include/strata/core/expert_source.hpp:130:21: note: overridden virtual function is here
  130 |     virtual int64_t reads() const { return 0; }
      |                     ^
In file included from /workspace/flashnext-competition/strata/src/src/program/generate.cpp:26:
/workspace/flashnext-competition/strata/src/include/strata/core/on_device.hpp:17:38: warning: ignoring return value of type 'hipError_t' declared with 'nodiscard' attribute [-Wunused-value]
   17 |     ~OnDevice() { if (previous >= 0) cudaSetDevice(previous); }
      |                                      ^~~~~~~~~~~~~~~~~~~~~~~
/workspace/flashnext-competition/strata/src/include/strata/hip_compat/cuda_runtime.h:105:23: note: expanded from macro 'cudaSetDevice'
  105 | #define cudaSetDevice hipSetDevice
      |                       ^
/workspace/flashnext-competition/strata/src/src/program/generate.cpp:1009:5: warning: ignoring return value of type 'hipError_t' declared with 'nodiscard' attribute [-Wunused-value]
 1009 |     cudaMemGetInfo(&free_b, &total_b);
      |     ^~~~~~~~~~~~~~~~~~~~~~~~~~~~~~~~~
/workspace/flashnext-competition/strata/src/include/strata/hip_compat/cuda_runtime.h:91:24: note: expanded from macro 'cudaMemGetInfo'
   91 | #define cudaMemGetInfo hipMemGetInfo
      |                        ^
/workspace/flashnext-competition/strata/src/src/program/generate.cpp:1166:9: warning: ignoring return value of type 'hipError_t' declared with 'nodiscard' attribute [-Wunused-value]
 1166 |         cudaFreeHost(h);
      |         ^~~~~~~~~~~~~~~
/workspace/flashnext-competition/strata/src/include/strata/hip_compat/cuda_runtime.h:46:22: note: expanded from macro 'cudaFreeHost'
   46 | #define cudaFreeHost hipFreeHost
      |                      ^
/workspace/flashnext-competition/strata/src/src/program/generate.cpp:1170:5: warning: ignoring return value of type 'hipError_t' declared with 'nodiscard' attribute [-Wunused-value]
 1170 |     cudaMemcpyAsync(d, h, kBytes, cudaMemcpyHostToDevice);   // warmup: context up, copy engine primed
      |     ^~~~~~~~~~~~~~~~~~~~~~~~~~~~~~~~~~~~~~~~~~~~~~~~~~~~~
/workspace/flashnext-competition/strata/src/include/strata/hip_compat/cuda_runtime.h:95:25: note: expanded from macro 'cudaMemcpyAsync'
   95 | #define cudaMemcpyAsync hipMemcpyAsync
      |                         ^
/workspace/flashnext-competition/strata/src/src/program/generate.cpp:1190:9: warning: ignoring return value of type 'hipError_t' declared with 'nodiscard' attribute [-Wunused-value]
 1190 |         cudaEventRecord(ev[0]);
      |         ^~~~~~~~~~~~~~~~~~~~~~
/workspace/flashnext-competition/strata/src/include/strata/hip_compat/cuda_runtime.h:39:25: note: expanded from macro 'cudaEventRecord'
   39 | #define cudaEventRecord hipEventRecord
      |                         ^
/workspace/flashnext-competition/strata/src/src/program/generate.cpp:1192:13: warning: ignoring return value of type 'hipError_t' declared with 'nodiscard' attribute [-Wunused-value]
 1192 |             cudaMemcpyAsync(d, h, kBytes, cudaMemcpyHostToDevice);
      |             ^~~~~~~~~~~~~~~~~~~~~~~~~~~~~~~~~~~~~~~~~~~~~~~~~~~~~
/workspace/flashnext-competition/strata/src/include/strata/hip_compat/cuda_runtime.h:95:25: note: expanded from macro 'cudaMemcpyAsync'
   95 | #define cudaMemcpyAsync hipMemcpyAsync
      |                         ^
/workspace/flashnext-competition/strata/src/src/program/generate.cpp:1193:13: warning: ignoring return value of type 'hipError_t' declared with 'nodiscard' attribute [-Wunused-value]
 1193 |             cudaEventRecord(ev[b + 1]);
      |             ^~~~~~~~~~~~~~~~~~~~~~~~~~
/workspace/flashnext-competition/strata/src/include/strata/hip_compat/cuda_runtime.h:39:25: note: expanded from macro 'cudaEventRecord'
   39 | #define cudaEventRecord hipEventRecord
      |                         ^
/workspace/flashnext-competition/strata/src/src/program/generate.cpp:1198:36: warning: ignoring return value of type 'hipError_t' declared with 'nodiscard' attribute [-Wunused-value]
 1198 |     for (int i = 0; i < n_ev; ++i) cudaEventDestroy(ev[i]);
      |                                    ^~~~~~~~~~~~~~~~~~~~~~~
/workspace/flashnext-competition/strata/src/include/strata/hip_compat/cuda_runtime.h:35:26: note: expanded from macro 'cudaEventDestroy'
   35 | #define cudaEventDestroy hipEventDestroy
      |                          ^
/workspace/flashnext-competition/strata/src/src/program/generate.cpp:1212:5: warning: ignoring return value of type 'hipError_t' declared with 'nodiscard' attribute [-Wunused-value]
 1212 |     cudaFree(d);
      |     ^~~~~~~~~~~
/workspace/flashnext-competition/strata/src/include/strata/hip_compat/cuda_runtime.h:42:18: note: expanded from macro 'cudaFree'
   42 | #define cudaFree hipFree
      |                  ^
/workspace/flashnext-competition/strata/src/src/program/generate.cpp:1213:5: warning: ignoring return value of type 'hipError_t' declared with 'nodiscard' attribute [-Wunused-value]
 1213 |     cudaFreeHost(h);
      |     ^~~~~~~~~~~~~~~
/workspace/flashnext-competition/strata/src/include/strata/hip_compat/cuda_runtime.h:46:22: note: expanded from macro 'cudaFreeHost'
   46 | #define cudaFreeHost hipFreeHost
      |                      ^
/workspace/flashnext-competition/strata/src/src/program/generate.cpp:1552:9: warning: ignoring return value of type 'hipError_t' declared with 'nodiscard' attribute [-Wunused-value]
 1552 |         cudaGetLastError();
      |         ^~~~~~~~~~~~~~~~~~
/workspace/flashnext-competition/strata/src/include/strata/hip_compat/cuda_runtime.h:54:26: note: expanded from macro 'cudaGetLastError'
   54 | #define cudaGetLastError hipGetLastError
      |                          ^
/workspace/flashnext-competition/strata/src/src/program/generate.cpp:1667:77: warning: ignoring return value of type 'hipError_t' declared with 'nodiscard' attribute [-Wunused-value]
 1667 |                     if (cudaGetDeviceProperties(&prop, d) != cudaSuccess) { cudaGetLastError(); own = false; break; }
      |                                                                             ^~~~~~~~~~~~~~~~~~
/workspace/flashnext-competition/strata/src/include/strata/hip_compat/cuda_runtime.h:54:26: note: expanded from macro 'cudaGetLastError'
   54 | #define cudaGetLastError hipGetLastError
      |                          ^
/workspace/flashnext-competition/strata/src/src/program/generate.cpp:1689:9: warning: ignoring return value of type 'hipError_t' declared with 'nodiscard' attribute [-Wunused-value]
 1689 |         cudaGetLastError();
      |         ^~~~~~~~~~~~~~~~~~
/workspace/flashnext-competition/strata/src/include/strata/hip_compat/cuda_runtime.h:54:26: note: expanded from macro 'cudaGetLastError'
   54 | #define cudaGetLastError hipGetLastError
      |                          ^
/workspace/flashnext-competition/strata/src/src/program/generate.cpp:2246:9: warning: ignoring return value of type 'hipError_t' declared with 'nodiscard' attribute [-Wunused-value]
 2246 |         cudaGetLastError();
      |         ^~~~~~~~~~~~~~~~~~
/workspace/flashnext-competition/strata/src/include/strata/hip_compat/cuda_runtime.h:54:26: note: expanded from macro 'cudaGetLastError'
   54 | #define cudaGetLastError hipGetLastError
      |                          ^
/workspace/flashnext-competition/strata/src/src/program/generate.cpp:2248:9: warning: ignoring return value of type 'hipError_t' declared with 'nodiscard' attribute [-Wunused-value]
 2248 |         cudaMemGetInfo(&free_b, &total_b);
      |         ^~~~~~~~~~~~~~~~~~~~~~~~~~~~~~~~~
/workspace/flashnext-competition/strata/src/include/strata/hip_compat/cuda_runtime.h:91:24: note: expanded from macro 'cudaMemGetInfo'
   91 | #define cudaMemGetInfo hipMemGetInfo
      |                        ^
/workspace/flashnext-competition/strata/src/src/program/generate.cpp:2527:13: warning: ignoring return value of type 'hipError_t' declared with 'nodiscard' attribute [-Wunused-value]
 2527 |             cudaMemGetInfo(&fb, &tb);
      |             ^~~~~~~~~~~~~~~~~~~~~~~~
/workspace/flashnext-competition/strata/src/include/strata/hip_compat/cuda_runtime.h:91:24: note: expanded from macro 'cudaMemGetInfo'
   91 | #define cudaMemGetInfo hipMemGetInfo
      |                        ^
/workspace/flashnext-competition/strata/src/src/program/generate.cpp:2532:13: warning: ignoring return value of type 'hipError_t' declared with 'nodiscard' attribute [-Wunused-value]
 2532 |             cudaGetDeviceProperties(&dp, 0);
      |             ^~~~~~~~~~~~~~~~~~~~~~~~~~~~~~~
/workspace/flashnext-competition/strata/src/include/strata/hip_compat/cuda_runtime.h:52:33: note: expanded from macro 'cudaGetDeviceProperties'
   52 | #define cudaGetDeviceProperties hipGetDeviceProperties
      |                                 ^
/opt/rocm/include/hip/hip_runtime_api.h:87:32: note: expanded from macro 'hipGetDeviceProperties'
   87 | #define hipGetDeviceProperties hipGetDevicePropertiesR0600
      |                                ^
/workspace/flashnext-competition/strata/src/src/program/generate.cpp:2586:13: warning: ignoring return value of type 'hipError_t' declared with 'nodiscard' attribute [-Wunused-value]
 2586 |             cudaGetLastError();
      |             ^~~~~~~~~~~~~~~~~~
/workspace/flashnext-competition/strata/src/include/strata/hip_compat/cuda_runtime.h:54:26: note: expanded from macro 'cudaGetLastError'
   54 | #define cudaGetLastError hipGetLastError
      |                          ^
/workspace/flashnext-competition/strata/src/src/program/generate.cpp:2588:13: warning: ignoring return value of type 'hipError_t' declared with 'nodiscard' attribute [-Wunused-value]
 2588 |             cudaMemGetInfo(&free_b, &total_b);
      |             ^~~~~~~~~~~~~~~~~~~~~~~~~~~~~~~~~
/workspace/flashnext-competition/strata/src/include/strata/hip_compat/cuda_runtime.h:91:24: note: expanded from macro 'cudaMemGetInfo'
   91 | #define cudaMemGetInfo hipMemGetInfo
      |                        ^
/workspace/flashnext-competition/strata/src/src/program/generate.cpp:2637:9: warning: ignoring return value of type 'hipError_t' declared with 'nodiscard' attribute [-Wunused-value]
 2637 |         cudaMemGetInfo(&fb, &tb);
      |         ^~~~~~~~~~~~~~~~~~~~~~~~
/workspace/flashnext-competition/strata/src/include/strata/hip_compat/cuda_runtime.h:91:24: note: expanded from macro 'cudaMemGetInfo'
   91 | #define cudaMemGetInfo hipMemGetInfo
      |                        ^
/workspace/flashnext-competition/strata/src/src/program/generate.cpp:2759:13: warning: ignoring return value of type 'hipError_t' declared with 'nodiscard' attribute [-Wunused-value]
 2759 |             cudaDeviceGetAttribute(&sms, cudaDevAttrMultiProcessorCount, dev);
      |             ^~~~~~~~~~~~~~~~~~~~~~~~~~~~~~~~~~~~~~~~~~~~~~~~~~~~~~~~~~~~~~~~~
/workspace/flashnext-competition/strata/src/include/strata/hip_compat/cuda_runtime.h:23:32: note: expanded from macro 'cudaDeviceGetAttribute'
   23 | #define cudaDeviceGetAttribute hipDeviceGetAttribute
      |                                ^
/workspace/flashnext-competition/strata/src/src/program/generate.cpp:2761:13: warning: ignoring return value of type 'hipError_t' declared with 'nodiscard' attribute [-Wunused-value]
 2761 |             cudaGetLastError();
      |             ^~~~~~~~~~~~~~~~~~
/workspace/flashnext-competition/strata/src/include/strata/hip_compat/cuda_runtime.h:54:26: note: expanded from macro 'cudaGetLastError'
   54 | #define cudaGetLastError hipGetLastError
      |                          ^
/workspace/flashnext-competition/strata/src/src/program/generate.cpp:2923:9: warning: ignoring return value of type 'hipError_t' declared with 'nodiscard' attribute [-Wunused-value]
 2923 |         cudaMemGetInfo(&fb, &tb);
      |         ^~~~~~~~~~~~~~~~~~~~~~~~
/workspace/flashnext-competition/strata/src/include/strata/hip_compat/cuda_runtime.h:91:24: note: expanded from macro 'cudaMemGetInfo'
   91 | #define cudaMemGetInfo hipMemGetInfo
      |                        ^
/workspace/flashnext-competition/strata/src/src/program/generate.cpp:2967:21: warning: ignoring return value of type 'hipError_t' declared with 'nodiscard' attribute [-Wunused-value]
 2967 |                     cudaGetLastError();
      |                     ^~~~~~~~~~~~~~~~~~
/workspace/flashnext-competition/strata/src/include/strata/hip_compat/cuda_runtime.h:54:26: note: expanded from macro 'cudaGetLastError'
   54 | #define cudaGetLastError hipGetLastError
      |                          ^
/workspace/flashnext-competition/strata/src/src/program/generate.cpp:2968:41: warning: ignoring return value of type 'hipError_t' declared with 'nodiscard' attribute [-Wunused-value]
 2968 |                     if (buf != nullptr) cudaFree(buf);
      |                                         ^~~~~~~~~~~~~
/workspace/flashnext-competition/strata/src/include/strata/hip_compat/cuda_runtime.h:42:18: note: expanded from macro 'cudaFree'
   42 | #define cudaFree hipFree
      |                  ^
/workspace/flashnext-competition/strata/src/src/program/generate.cpp:2970:21: warning: ignoring return value of type 'hipError_t' declared with 'nodiscard' attribute [-Wunused-value]
 2970 |                     cudaMemGetInfo(&fb, &tb);
      |                     ^~~~~~~~~~~~~~~~~~~~~~~~
/workspace/flashnext-competition/strata/src/include/strata/hip_compat/cuda_runtime.h:91:24: note: expanded from macro 'cudaMemGetInfo'
   91 | #define cudaMemGetInfo hipMemGetInfo
      |                        ^
/workspace/flashnext-competition/strata/src/src/program/generate.cpp:2980:13: warning: ignoring return value of type 'hipError_t' declared with 'nodiscard' attribute [-Wunused-value]
 2980 |             cudaDeviceSynchronize();
      |             ^~~~~~~~~~~~~~~~~~~~~~~
/workspace/flashnext-competition/strata/src/include/strata/hip_compat/cuda_runtime.h:27:31: note: expanded from macro 'cudaDeviceSynchronize'
   27 | #define cudaDeviceSynchronize hipDeviceSynchronize
      |                               ^
/workspace/flashnext-competition/strata/src/src/program/generate.cpp:2982:13: warning: ignoring return value of type 'hipError_t' declared with 'nodiscard' attribute [-Wunused-value]
 2982 |             cudaMemGetInfo(&fb, &tb);
      |             ^~~~~~~~~~~~~~~~~~~~~~~~
/workspace/flashnext-competition/strata/src/include/strata/hip_compat/cuda_runtime.h:91:24: note: expanded from macro 'cudaMemGetInfo'
   91 | #define cudaMemGetInfo hipMemGetInfo
      |                        ^
/workspace/flashnext-competition/strata/src/src/program/generate.cpp:3082:21: warning: ignoring return value of type 'hipError_t' declared with 'nodiscard' attribute [-Wunused-value]
 3082 |         if (!named) cudaGetLastError();
      |                     ^~~~~~~~~~~~~~~~~~
/workspace/flashnext-competition/strata/src/include/strata/hip_compat/cuda_runtime.h:54:26: note: expanded from macro 'cudaGetLastError'
   54 | #define cudaGetLastError hipGetLastError
      |                          ^
/workspace/flashnext-competition/strata/src/src/program/generate.cpp:3208:9: warning: ignoring return value of type 'hipError_t' declared with 'nodiscard' attribute [-Wunused-value]
 3208 |         cudaMemGetInfo(&free_b, &total_b);
      |         ^~~~~~~~~~~~~~~~~~~~~~~~~~~~~~~~~
/workspace/flashnext-competition/strata/src/include/strata/hip_compat/cuda_runtime.h:91:24: note: expanded from macro 'cudaMemGetInfo'
   91 | #define cudaMemGetInfo hipMemGetInfo
      |                        ^
/workspace/flashnext-competition/strata/src/src/program/generate.cpp:3281:9: warning: ignoring return value of type 'hipError_t' declared with 'nodiscard' attribute [-Wunused-value]
 3281 |         cudaMemGetInfo(&free_b, &total_b);
      |         ^~~~~~~~~~~~~~~~~~~~~~~~~~~~~~~~~
/workspace/flashnext-competition/strata/src/include/strata/hip_compat/cuda_runtime.h:91:24: note: expanded from macro 'cudaMemGetInfo'
   91 | #define cudaMemGetInfo hipMemGetInfo
      |                        ^
/workspace/flashnext-competition/strata/src/src/program/generate.cpp:3301:9: warning: ignoring return value of type 'hipError_t' declared with 'nodiscard' attribute [-Wunused-value]
 3301 |         cudaMemGetInfo(&free_b, &total_b);
      |         ^~~~~~~~~~~~~~~~~~~~~~~~~~~~~~~~~
/workspace/flashnext-competition/strata/src/include/strata/hip_compat/cuda_runtime.h:91:24: note: expanded from macro 'cudaMemGetInfo'
   91 | #define cudaMemGetInfo hipMemGetInfo
      |                        ^
/workspace/flashnext-competition/strata/src/src/program/generate.cpp:3402:13: warning: ignoring return value of type 'hipError_t' declared with 'nodiscard' attribute [-Wunused-value]
 3402 |             cudaMemset(xcache.device_slot(0), 0, (size_t) xcache.bytes());
      |             ^~~~~~~~~~~~~~~~~~~~~~~~~~~~~~~~~~~~~~~~~~~~~~~~~~~~~~~~~~~~~
/workspace/flashnext-competition/strata/src/include/strata/hip_compat/cuda_runtime.h:101:20: note: expanded from macro 'cudaMemset'
  101 | #define cudaMemset hipMemset
      |                    ^
/workspace/flashnext-competition/strata/src/src/program/generate.cpp:3403:13: warning: ignoring return value of type 'hipError_t' declared with 'nodiscard' attribute [-Wunused-value]
 3403 |             cudaDeviceSynchronize();
      |             ^~~~~~~~~~~~~~~~~~~~~~~
/workspace/flashnext-competition/strata/src/include/strata/hip_compat/cuda_runtime.h:27:31: note: expanded from macro 'cudaDeviceSynchronize'
   27 | #define cudaDeviceSynchronize hipDeviceSynchronize
      |                               ^
/workspace/flashnext-competition/strata/src/src/program/generate.cpp:3405:13: warning: ignoring return value of type 'hipError_t' declared with 'nodiscard' attribute [-Wunused-value]
 3405 |             cudaMemGetInfo(&free_b, &total_b);
      |             ^~~~~~~~~~~~~~~~~~~~~~~~~~~~~~~~~
/workspace/flashnext-competition/strata/src/include/strata/hip_compat/cuda_runtime.h:91:24: note: expanded from macro 'cudaMemGetInfo'
   91 | #define cudaMemGetInfo hipMemGetInfo
      |                        ^
/workspace/flashnext-competition/strata/src/src/program/generate.cpp:3507:13: warning: ignoring return value of type 'hipError_t' declared with 'nodiscard' attribute [-Wunused-value]
 3507 |             cudaMemGetInfo(&fb, &tb);
      |             ^~~~~~~~~~~~~~~~~~~~~~~~
/workspace/flashnext-competition/strata/src/include/strata/hip_compat/cuda_runtime.h:91:24: note: expanded from macro 'cudaMemGetInfo'
   91 | #define cudaMemGetInfo hipMemGetInfo
      |                        ^
/workspace/flashnext-competition/strata/src/src/program/generate.cpp:4150:9: warning: ignoring return value of type 'hipError_t' declared with 'nodiscard' attribute [-Wunused-value]
 4150 |         cudaFree(d_next);
      |         ^~~~~~~~~~~~~~~~
/workspace/flashnext-competition/strata/src/include/strata/hip_compat/cuda_runtime.h:42:18: note: expanded from macro 'cudaFree'
   42 | #define cudaFree hipFree
      |                  ^
/workspace/flashnext-competition/strata/src/src/program/generate.cpp:4925:21: warning: ignoring return value of type 'hipError_t' declared with 'nodiscard' attribute [-Wunused-value]
 4925 |                     cudaMemGetInfo(&fb, &tb);
      |                     ^~~~~~~~~~~~~~~~~~~~~~~~
/workspace/flashnext-competition/strata/src/include/strata/hip_compat/cuda_runtime.h:91:24: note: expanded from macro 'cudaMemGetInfo'
   91 | #define cudaMemGetInfo hipMemGetInfo
      |                        ^
/workspace/flashnext-competition/strata/src/src/program/generate.cpp:5040:21: warning: ignoring return value of type 'hipError_t' declared with 'nodiscard' attribute [-Wunused-value]
 5040 |                     cudaMemcpy(d_res, host_res.data(), host_res.size() * sizeof(int32_t), cudaMemcpyHostToDevice);
      |                     ^~~~~~~~~~~~~~~~~~~~~~~~~~~~~~~~~~~~~~~~~~~~~~~~~~~~~~~~~~~~~~~~~~~~~~~~~~~~~~~~~~~~~~~~~~~~~
/workspace/flashnext-competition/strata/src/include/strata/hip_compat/cuda_runtime.h:93:20: note: expanded from macro 'cudaMemcpy'
   93 | #define cudaMemcpy hipMemcpy
      |                    ^
/workspace/flashnext-competition/strata/src/src/program/generate.cpp:5043:21: warning: ignoring return value of type 'hipError_t' declared with 'nodiscard' attribute [-Wunused-value]
 5043 |                     cudaMemcpy(st->d_res, host_res.data(), host_res.size() * sizeof(int32_t), cudaMemcpyHostToDevice);
      |                     ^~~~~~~~~~~~~~~~~~~~~~~~~~~~~~~~~~~~~~~~~~~~~~~~~~~~~~~~~~~~~~~~~~~~~~~~~~~~~~~~~~~~~~~~~~~~~~~~~
/workspace/flashnext-competition/strata/src/include/strata/hip_compat/cuda_runtime.h:93:20: note: expanded from macro 'cudaMemcpy'
   93 | #define cudaMemcpy hipMemcpy
      |                    ^
/workspace/flashnext-competition/strata/src/src/program/generate.cpp:5460:9: warning: ignoring return value of type 'hipError_t' declared with 'nodiscard' attribute [-Wunused-value]
 5460 |         cudaEventCreateWithFlags(&adapt_ev, cudaEventDisableTiming);
      |         ^~~~~~~~~~~~~~~~~~~~~~~~~~~~~~~~~~~~~~~~~~~~~~~~~~~~~~~~~~~
/workspace/flashnext-competition/strata/src/include/strata/hip_compat/cuda_runtime.h:34:34: note: expanded from macro 'cudaEventCreateWithFlags'
   34 | #define cudaEventCreateWithFlags hipEventCreateWithFlags
      |                                  ^
/workspace/flashnext-competition/strata/src/src/program/generate.cpp:5464:17: warning: ignoring return value of type 'hipError_t' declared with 'nodiscard' attribute [-Wunused-value]
 5464 |                 cudaMemcpy(d_res, host_res.data(), host_res.size() * sizeof(int32_t), cudaMemcpyHostToDevice);
      |                 ^~~~~~~~~~~~~~~~~~~~~~~~~~~~~~~~~~~~~~~~~~~~~~~~~~~~~~~~~~~~~~~~~~~~~~~~~~~~~~~~~~~~~~~~~~~~~
/workspace/flashnext-competition/strata/src/include/strata/hip_compat/cuda_runtime.h:93:20: note: expanded from macro 'cudaMemcpy'
   93 | #define cudaMemcpy hipMemcpy
      |                    ^
/workspace/flashnext-competition/strata/src/src/program/generate.cpp:5467:17: warning: ignoring return value of type 'hipError_t' declared with 'nodiscard' attribute [-Wunused-value]
 5467 |                 cudaMemcpy(st->d_res, host_res.data(), host_res.size() * sizeof(int32_t), cudaMemcpyHostToDevice);
      |                 ^~~~~~~~~~~~~~~~~~~~~~~~~~~~~~~~~~~~~~~~~~~~~~~~~~~~~~~~~~~~~~~~~~~~~~~~~~~~~~~~~~~~~~~~~~~~~~~~~
/workspace/flashnext-competition/strata/src/include/strata/hip_compat/cuda_runtime.h:93:20: note: expanded from macro 'cudaMemcpy'
   93 | #define cudaMemcpy hipMemcpy
      |                    ^
/workspace/flashnext-competition/strata/src/src/program/generate.cpp:5473:23: warning: ignoring return value of type 'hipError_t' declared with 'nodiscard' attribute [-Wunused-value]
 5473 |             if (wait) cudaEventSynchronize(adapt_ev);
      |                       ^~~~~~~~~~~~~~~~~~~~~~~~~~~~~~
/workspace/flashnext-competition/strata/src/include/strata/hip_compat/cuda_runtime.h:40:30: note: expanded from macro 'cudaEventSynchronize'
   40 | #define cudaEventSynchronize hipEventSynchronize
      |                              ^
/workspace/flashnext-competition/strata/src/src/program/generate.cpp:5477:31: warning: ignoring return value of type 'hipError_t' declared with 'nodiscard' attribute [-Wunused-value]
 5477 |                     if (wait) cudaEventSynchronize(st->adapt_ev);
      |                               ^~~~~~~~~~~~~~~~~~~~~~~~~~~~~~~~~~
/workspace/flashnext-competition/strata/src/include/strata/hip_compat/cuda_runtime.h:40:30: note: expanded from macro 'cudaEventSynchronize'
   40 | #define cudaEventSynchronize hipEventSynchronize
      |                              ^
/workspace/flashnext-competition/strata/src/src/program/generate.cpp:5549:33: warning: ignoring return value of type 'hipError_t' declared with 'nodiscard' attribute [-Wunused-value]
 5549 |             if (!swaps.empty()) cudaEventRecord(adapt_ev, adapt_stream);
      |                                 ^~~~~~~~~~~~~~~~~~~~~~~~~~~~~~~~~~~~~~~
/workspace/flashnext-competition/strata/src/include/strata/hip_compat/cuda_runtime.h:39:25: note: expanded from macro 'cudaEventRecord'
   39 | #define cudaEventRecord hipEventRecord
      |                         ^
/workspace/flashnext-competition/strata/src/src/program/generate.cpp:5554:21: warning: ignoring return value of type 'hipError_t' declared with 'nodiscard' attribute [-Wunused-value]
 5554 |                     cudaEventRecord(st->adapt_ev, st->adapt_stream);
      |                     ^~~~~~~~~~~~~~~~~~~~~~~~~~~~~~~~~~~~~~~~~~~~~~~
/workspace/flashnext-competition/strata/src/include/strata/hip_compat/cuda_runtime.h:39:25: note: expanded from macro 'cudaEventRecord'
   39 | #define cudaEventRecord hipEventRecord
      |                         ^
/workspace/flashnext-competition/strata/src/src/program/generate.cpp:5657:13: warning: ignoring return value of type 'hipError_t' declared with 'nodiscard' attribute [-Wunused-value]
 5657 |             cudaMemGetInfo(&free_b, &total_b);
      |             ^~~~~~~~~~~~~~~~~~~~~~~~~~~~~~~~~
/workspace/flashnext-competition/strata/src/include/strata/hip_compat/cuda_runtime.h:91:24: note: expanded from macro 'cudaMemGetInfo'
   91 | #define cudaMemGetInfo hipMemGetInfo
      |                        ^
/workspace/flashnext-competition/strata/src/src/program/generate.cpp:5679:13: warning: ignoring return value of type 'hipError_t' declared with 'nodiscard' attribute [-Wunused-value]
 5679 |             cudaMemGetInfo(&free_b, &total_b);
      |             ^~~~~~~~~~~~~~~~~~~~~~~~~~~~~~~~~
/workspace/flashnext-competition/strata/src/include/strata/hip_compat/cuda_runtime.h:91:24: note: expanded from macro 'cudaMemGetInfo'
   91 | #define cudaMemGetInfo hipMemGetInfo
      |                        ^
/workspace/flashnext-competition/strata/src/src/program/generate.cpp:5809:13: warning: ignoring return value of type 'hipError_t' declared with 'nodiscard' attribute [-Wunused-value]
 5809 |             cudaMemGetInfo(&free_b, &total_b);
      |             ^~~~~~~~~~~~~~~~~~~~~~~~~~~~~~~~~
/workspace/flashnext-competition/strata/src/include/strata/hip_compat/cuda_runtime.h:91:24: note: expanded from macro 'cudaMemGetInfo'
   91 | #define cudaMemGetInfo hipMemGetInfo
      |                        ^
/workspace/flashnext-competition/strata/src/src/program/generate.cpp:5865:13: warning: ignoring return value of type 'hipError_t' declared with 'nodiscard' attribute [-Wunused-value]
 5865 |             cudaMemGetInfo(&free_b, &total_b);
      |             ^~~~~~~~~~~~~~~~~~~~~~~~~~~~~~~~~
/workspace/flashnext-competition/strata/src/include/strata/hip_compat/cuda_runtime.h:91:24: note: expanded from macro 'cudaMemGetInfo'
   91 | #define cudaMemGetInfo hipMemGetInfo
      |                        ^
/workspace/flashnext-competition/strata/src/src/program/generate.cpp:6166:30: warning: unused variable 'w' [-Wunused-variable]
 6166 |                 const double w = (double) bt_windows, wall = std::chrono::duration<double, std::milli>(Clock::now() - bt_start).count();
      |                              ^
/workspace/flashnext-competition/strata/src/src/program/generate.cpp:6363:17: warning: ignoring return value of type 'hipError_t' declared with 'nodiscard' attribute [-Wunused-value]
 6363 |                 cudaDeviceSynchronize();
      |                 ^~~~~~~~~~~~~~~~~~~~~~~
/workspace/flashnext-competition/strata/src/include/strata/hip_compat/cuda_runtime.h:27:31: note: expanded from macro 'cudaDeviceSynchronize'
   27 | #define cudaDeviceSynchronize hipDeviceSynchronize
      |                               ^
/workspace/flashnext-competition/strata/src/src/program/generate.cpp:6371:25: warning: ignoring return value of type 'hipError_t' declared with 'nodiscard' attribute [-Wunused-value]
 6371 |                         cudaDeviceSynchronize();
      |                         ^~~~~~~~~~~~~~~~~~~~~~~
/workspace/flashnext-competition/strata/src/include/strata/hip_compat/cuda_runtime.h:27:31: note: expanded from macro 'cudaDeviceSynchronize'
   27 | #define cudaDeviceSynchronize hipDeviceSynchronize
      |                               ^
/workspace/flashnext-competition/strata/src/src/program/generate.cpp:6608:17: warning: ignoring return value of type 'hipError_t' declared with 'nodiscard' attribute [-Wunused-value]
 6608 |                 cudaStreamSynchronize(main_stream);
      |                 ^~~~~~~~~~~~~~~~~~~~~~~~~~~~~~~~~~
/workspace/flashnext-competition/strata/src/include/strata/hip_compat/cuda_runtime.h:117:31: note: expanded from macro 'cudaStreamSynchronize'
  117 | #define cudaStreamSynchronize hipStreamSynchronize
      |                               ^
/workspace/flashnext-competition/strata/src/src/program/generate.cpp:6612:21: warning: ignoring return value of type 'hipError_t' declared with 'nodiscard' attribute [-Wunused-value]
 6612 |                     cudaStreamSynchronize(st->stream);
      |                     ^~~~~~~~~~~~~~~~~~~~~~~~~~~~~~~~~
/workspace/flashnext-competition/strata/src/include/strata/hip_compat/cuda_runtime.h:117:31: note: expanded from macro 'cudaStreamSynchronize'
  117 | #define cudaStreamSynchronize hipStreamSynchronize
      |                               ^
/workspace/flashnext-competition/strata/src/src/program/generate.cpp:6627:21: warning: ignoring return value of type 'hipError_t' declared with 'nodiscard' attribute [-Wunused-value]
 6627 |                     cudaStreamSynchronize(main_stream);
      |                     ^~~~~~~~~~~~~~~~~~~~~~~~~~~~~~~~~~
/workspace/flashnext-competition/strata/src/include/strata/hip_compat/cuda_runtime.h:117:31: note: expanded from macro 'cudaStreamSynchronize'
  117 | #define cudaStreamSynchronize hipStreamSynchronize
      |                               ^
/workspace/flashnext-competition/strata/src/src/program/generate.cpp:6631:25: warning: ignoring return value of type 'hipError_t' declared with 'nodiscard' attribute [-Wunused-value]
 6631 |                         cudaStreamSynchronize(st->stream);
      |                         ^~~~~~~~~~~~~~~~~~~~~~~~~~~~~~~~~
/workspace/flashnext-competition/strata/src/include/strata/hip_compat/cuda_runtime.h:117:31: note: expanded from macro 'cudaStreamSynchronize'
  117 | #define cudaStreamSynchronize hipStreamSynchronize
      |                               ^
/workspace/flashnext-competition/strata/src/src/program/generate.cpp:7126:21: warning: ignoring return value of type 'hipError_t' declared with 'nodiscard' attribute [-Wunused-value]
 7126 |                     cudaMemcpy(d_hist, hist_stage.data(), (size_t) T * (size_t) hist_n * sizeof(int32_t),
      |                     ^~~~~~~~~~~~~~~~~~~~~~~~~~~~~~~~~~~~~~~~~~~~~~~~~~~~~~~~~~~~~~~~~~~~~~~~~~~~~~~~~~~~~
 7127 |                                cudaMemcpyHostToDevice);
      |                                ~~~~~~~~~~~~~~~~~~~~~~~
/workspace/flashnext-competition/strata/src/include/strata/hip_compat/cuda_runtime.h:93:20: note: expanded from macro 'cudaMemcpy'
   93 | #define cudaMemcpy hipMemcpy
      |                    ^
/workspace/flashnext-competition/strata/src/src/program/generate.cpp:7507:17: warning: ignoring return value of type 'hipError_t' declared with 'nodiscard' attribute [-Wunused-value]
 7507 |                 cudaMemcpy(d_res, host_res.data(), host_res.size() * sizeof(int32_t), cudaMemcpyHostToDevice);
      |                 ^~~~~~~~~~~~~~~~~~~~~~~~~~~~~~~~~~~~~~~~~~~~~~~~~~~~~~~~~~~~~~~~~~~~~~~~~~~~~~~~~~~~~~~~~~~~~
/workspace/flashnext-competition/strata/src/include/strata/hip_compat/cuda_runtime.h:93:20: note: expanded from macro 'cudaMemcpy'
   93 | #define cudaMemcpy hipMemcpy
      |                    ^
/workspace/flashnext-competition/strata/src/src/program/generate.cpp:7558:13: warning: ignoring return value of type 'hipError_t' declared with 'nodiscard' attribute [-Wunused-value]
 7558 |             cudaMemcpy(d_res, host_res.data(), host_res.size() * sizeof(int32_t), cudaMemcpyHostToDevice);
      |             ^~~~~~~~~~~~~~~~~~~~~~~~~~~~~~~~~~~~~~~~~~~~~~~~~~~~~~~~~~~~~~~~~~~~~~~~~~~~~~~~~~~~~~~~~~~~~
/workspace/flashnext-competition/strata/src/include/strata/hip_compat/cuda_runtime.h:93:20: note: expanded from macro 'cudaMemcpy'
   93 | #define cudaMemcpy hipMemcpy
      |                    ^
/workspace/flashnext-competition/strata/src/src/program/generate.cpp:7657:13: warning: ignoring return value of type 'hipError_t' declared with 'nodiscard' attribute [-Wunused-value]
 7657 |             cudaMemcpy(final_r_host.data(), ss.R, final_r_host.size() * sizeof(float), cudaMemcpyDeviceToHost);
      |             ^~~~~~~~~~~~~~~~~~~~~~~~~~~~~~~~~~~~~~~~~~~~~~~~~~~~~~~~~~~~~~~~~~~~~~~~~~~~~~~~~~~~~~~~~~~~~~~~~~
/workspace/flashnext-competition/strata/src/include/strata/hip_compat/cuda_runtime.h:93:20: note: expanded from macro 'cudaMemcpy'
   93 | #define cudaMemcpy hipMemcpy
      |                    ^
/workspace/flashnext-competition/strata/src/src/program/generate.cpp:7870:9: warning: ignoring return value of type 'hipError_t' declared with 'nodiscard' attribute [-Wunused-value]
 7870 |         cudaEventCreateWithFlags(&adapt_ev, cudaEventDisableTiming);
      |         ^~~~~~~~~~~~~~~~~~~~~~~~~~~~~~~~~~~~~~~~~~~~~~~~~~~~~~~~~~~
/workspace/flashnext-competition/strata/src/include/strata/hip_compat/cuda_runtime.h:34:34: note: expanded from macro 'cudaEventCreateWithFlags'
   34 | #define cudaEventCreateWithFlags hipEventCreateWithFlags
      |                                  ^
/workspace/flashnext-competition/strata/src/src/program/generate.cpp:7876:23: warning: ignoring return value of type 'hipError_t' declared with 'nodiscard' attribute [-Wunused-value]
 7876 |             if (wait) cudaEventSynchronize(adapt_ev);
      |                       ^~~~~~~~~~~~~~~~~~~~~~~~~~~~~~
/workspace/flashnext-competition/strata/src/include/strata/hip_compat/cuda_runtime.h:40:30: note: expanded from macro 'cudaEventSynchronize'
   40 | #define cudaEventSynchronize hipEventSynchronize
      |                              ^
/workspace/flashnext-competition/strata/src/src/program/generate.cpp:7893:17: warning: ignoring return value of type 'hipError_t' declared with 'nodiscard' attribute [-Wunused-value]
 7893 |                 cudaMemcpy(d_res, host_res.data(), host_res.size() * sizeof(int32_t), cudaMemcpyHostToDevice);
      |                 ^~~~~~~~~~~~~~~~~~~~~~~~~~~~~~~~~~~~~~~~~~~~~~~~~~~~~~~~~~~~~~~~~~~~~~~~~~~~~~~~~~~~~~~~~~~~~
/workspace/flashnext-competition/strata/src/include/strata/hip_compat/cuda_runtime.h:93:20: note: expanded from macro 'cudaMemcpy'
   93 | #define cudaMemcpy hipMemcpy
      |                    ^
/workspace/flashnext-competition/strata/src/src/program/generate.cpp:7963:33: warning: ignoring return value of type 'hipError_t' declared with 'nodiscard' attribute [-Wunused-value]
 7963 |             if (!swaps.empty()) cudaEventRecord(adapt_ev, adapt_stream);
      |                                 ^~~~~~~~~~~~~~~~~~~~~~~~~~~~~~~~~~~~~~~
/workspace/flashnext-competition/strata/src/include/strata/hip_compat/cuda_runtime.h:39:25: note: expanded from macro 'cudaEventRecord'
   39 | #define cudaEventRecord hipEventRecord
      |                         ^
/workspace/flashnext-competition/strata/src/src/program/generate.cpp:8186:9: warning: ignoring return value of type 'hipError_t' declared with 'nodiscard' attribute [-Wunused-value]
 8186 |         cudaFreeHost(layer_stage);
      |         ^~~~~~~~~~~~~~~~~~~~~~~~~
/workspace/flashnext-competition/strata/src/include/strata/hip_compat/cuda_runtime.h:46:22: note: expanded from macro 'cudaFreeHost'
   46 | #define cudaFreeHost hipFreeHost
      |                      ^
/workspace/flashnext-competition/strata/src/src/program/generate.cpp:8192:9: warning: ignoring return value of type 'hipError_t' declared with 'nodiscard' attribute [-Wunused-value]
 8192 |         cudaFreeHost(half_stage);
      |         ^~~~~~~~~~~~~~~~~~~~~~~~
/workspace/flashnext-competition/strata/src/include/strata/hip_compat/cuda_runtime.h:46:22: note: expanded from macro 'cudaFreeHost'
   46 | #define cudaFreeHost hipFreeHost
      |                      ^
/workspace/flashnext-competition/strata/src/src/program/generate.cpp:8354:5: warning: ignoring return value of type 'hipError_t' declared with 'nodiscard' attribute [-Wunused-value]
 8354 |     cudaFree(d_next);
      |     ^~~~~~~~~~~~~~~~
/workspace/flashnext-competition/strata/src/include/strata/hip_compat/cuda_runtime.h:42:18: note: expanded from macro 'cudaFree'
   42 | #define cudaFree hipFree
      |                  ^
/workspace/flashnext-competition/strata/src/src/program/generate.cpp:8355:5: warning: ignoring return value of type 'hipError_t' declared with 'nodiscard' attribute [-Wunused-value]
 8355 |     cudaFree(d_logits);
      |     ^~~~~~~~~~~~~~~~~~
/workspace/flashnext-competition/strata/src/include/strata/hip_compat/cuda_runtime.h:42:18: note: expanded from macro 'cudaFree'
   42 | #define cudaFree hipFree
      |                  ^
/workspace/flashnext-competition/strata/src/src/program/generate.cpp:8356:5: warning: ignoring return value of type 'hipError_t' declared with 'nodiscard' attribute [-Wunused-value]
 8356 |     cudaFree(d_emb);
      |     ^~~~~~~~~~~~~~~
/workspace/flashnext-competition/strata/src/include/strata/hip_compat/cuda_runtime.h:42:18: note: expanded from macro 'cudaFree'
   42 | #define cudaFree hipFree
      |                  ^
/workspace/flashnext-competition/strata/src/src/program/generate.cpp:8357:5: warning: ignoring return value of type 'hipError_t' declared with 'nodiscard' attribute [-Wunused-value]
 8357 |     cudaFree(d_parts);
      |     ^~~~~~~~~~~~~~~~~
/workspace/flashnext-competition/strata/src/include/strata/hip_compat/cuda_runtime.h:42:18: note: expanded from macro 'cudaFree'
   42 | #define cudaFree hipFree
      |                  ^
/workspace/flashnext-competition/strata/src/src/program/generate.cpp:8358:5: warning: ignoring return value of type 'hipError_t' declared with 'nodiscard' attribute [-Wunused-value]
 8358 |     cudaFree(sbuf);
      |     ^~~~~~~~~~~~~~
/workspace/flashnext-competition/strata/src/include/strata/hip_compat/cuda_runtime.h:42:18: note: expanded from macro 'cudaFree'
   42 | #define cudaFree hipFree
      |                  ^
/workspace/flashnext-competition/strata/src/src/program/generate.cpp:8359:5: warning: ignoring return value of type 'hipError_t' declared with 'nodiscard' attribute [-Wunused-value]
 8359 |     cudaFree(arena);
      |     ^~~~~~~~~~~~~~~
/workspace/flashnext-competition/strata/src/include/strata/hip_compat/cuda_runtime.h:42:18: note: expanded from macro 'cudaFree'
   42 | #define cudaFree hipFree
      |                  ^
/workspace/flashnext-competition/strata/src/src/program/generate.cpp:1019:5: warning: unused function 'argmax' [-Wunused-function]
 1019 | int argmax(const std::vector<float>& v) {
      |     ^~~~~~
76 warnings generated.
[41/42] Linking HIP executable strata
